date,time,home_team,away_team,home_score,away_score,home_pens,away_pens,tournament,season,phase,group,matchday,venue,source
2026-01-22,17:00,Aldosivi,Defensa y Justicia,0,0,,,Primera Division - Apertura,2026,zonas,Interzonal,Fecha 1,José María Minella,https://es.wikipedia.org/wiki/Anexo:Torneo_Apertura_2026_(Argentina)
2026-01-22,20:00,Banfield,Huracán,1,1,,,Primera Division - Apertura,2026,zonas,Zona B,Fecha 1,Florencio Sola,https://es.wikipedia.org/wiki/Anexo:Torneo_Apertura_2026_(Argentina)
2026-01-22,20:00,Unión,Platense,0,0,,,Primera Division - Apertura,2026,zonas,Zona A,Fecha 1,15 de Abril,https://es.wikipedia.org/wiki/Anexo:Torneo_Apertura_2026_(Argentina)
2026-01-22,22:15,Central Córdoba (SdE),Gimnasia y Esgrima (M),0,1,,,Primera Division - Apertura,2026,zonas,Zona A,Fecha 1,Único Madre de Ciudades,https://es.wikipedia.org/wiki/Anexo:Torneo_Apertura_2026_(Argentina)
2026-01-22,22:15,Instituto,Vélez Sarsfield,0,1,,,Primera Division - Apertura,2026,zonas,Zona A,Fecha 1,Monumental Presidente Perón,https://es.wikipedia.org/wiki/Anexo:Torneo_Apertura_2026_(Argentina)
2026-01-23,19:00,San Lorenzo,Lanús,2,3,,,Primera Division - Apertura,2026,zonas,Zona A,Fecha 1,Nuevo Gasómetro,https://es.wikipedia.org/wiki/Anexo:Torneo_Apertura_2026_(Argentina)
2026-01-23,20:00,Independiente,Estudiantes (LP),1,1,,,Primera Division - Apertura,2026,zonas,Zona A,Fecha 1,Libertadores de América,https://es.wikipedia.org/wiki/Anexo:Torneo_Apertura_2026_(Argentina)
2026-01-23,22:15,Independiente Rivadavia,Atlético Tucumán,2,1,,,Primera Division - Apertura,2026,zonas,Zona B,Fecha 1,Bautista Gargantini,https://es.wikipedia.org/wiki/Anexo:Torneo_Apertura_2026_(Argentina)
2026-01-23,22:15,Talleres (C),Newell's Old Boys,2,1,,,Primera Division - Apertura,2026,zonas,Zona A,Fecha 1,Mario Alberto Kempes,https://es.wikipedia.org/wiki/Anexo:Torneo_Apertura_2026_(Argentina)
2026-01-24,17:00,Barracas Central,River Plate,0,1,,,Primera Division - Apertura,2026,zonas,Zona B,Fecha 1,Claudio Chiqui Tapia,https://es.wikipedia.org/wiki/Anexo:Torneo_Apertura_2026_(Argentina)
2026-01-24,19:30,Gimnasia y Esgrima (LP),Racing Club,2,1,,,Primera Division - Apertura,2026,zonas,Zona B,Fecha 1,Del Bosque,https://es.wikipedia.org/wiki/Anexo:Torneo_Apertura_2026_(Argentina)
2026-01-24,22:00,Rosario Central,Belgrano,1,2,,,Primera Division - Apertura,2026,zonas,Zona B,Fecha 1,Gigante de Arroyito,https://es.wikipedia.org/wiki/Anexo:Torneo_Apertura_2026_(Argentina)
2026-01-25,18:30,Boca Juniors,Deportivo Riestra,1,0,,,Primera Division - Apertura,2026,zonas,Zona A,Fecha 1,La Bombonera,https://es.wikipedia.org/wiki/Anexo:Torneo_Apertura_2026_(Argentina)
2026-01-25,21:00,Argentinos Juniors,Sarmiento (J),1,0,,,Primera Division - Apertura,2026,zonas,Zona B,Fecha 1,Diego Armando Maradona,https://es.wikipedia.org/wiki/Anexo:Torneo_Apertura_2026_(Argentina)
2026-01-25,21:00,Tigre,Estudiantes (RC),2,0,,,Primera Division - Apertura,2026,zonas,Zona B,Fecha 1,Monumental de Victoria,https://es.wikipedia.org/wiki/Anexo:Torneo_Apertura_2026_(Argentina)
2026-01-26,17:00,Platense,Instituto,2,1,,,Primera Division - Apertura,2026,zonas,Zona A,Fecha 2,Ciudad de Vicente López,https://es.wikipedia.org/wiki/Anexo:Torneo_Apertura_2026_(Argentina)
2026-01-27,17:45,Vélez Sarsfield,Talleres (C),2,1,,,Primera Division - Apertura,2026,zonas,Zona A,Fecha 2,José Amalfitani,https://es.wikipedia.org/wiki/Anexo:Torneo_Apertura_2026_(Argentina)
2026-01-27,20:00,Gimnasia y Esgrima (M),San Lorenzo,0,1,,,Primera Division - Apertura,2026,zonas,Zona A,Fecha 2,Víctor Antonio Legrotaglie,https://es.wikipedia.org/wiki/Anexo:Torneo_Apertura_2026_(Argentina)
2026-01-27,20:00,Huracán,Independiente Rivadavia,1,2,,,Primera Division - Apertura,2026,zonas,Zona B,Fecha 2,Tomás Adolfo Ducó,https://es.wikipedia.org/wiki/Anexo:Torneo_Apertura_2026_(Argentina)
2026-01-27,22:15,Atlético Tucumán,Central Córdoba (SdE),0,0,,,Primera Division - Apertura,2026,zonas,Interzonal,Fecha 2,Monumental José Fierro,https://es.wikipedia.org/wiki/Anexo:Torneo_Apertura_2026_(Argentina)
2026-01-27,22:15,Newell's Old Boys,Independiente,1,1,,,Primera Division - Apertura,2026,zonas,Zona A,Fecha 2,Marcelo Bielsa,https://es.wikipedia.org/wiki/Anexo:Torneo_Apertura_2026_(Argentina)
2026-01-28,17:00,Aldosivi,Barracas Central,0,0,,,Primera Division - Apertura,2026,zonas,Zona B,Fecha 2,José María Minella,https://es.wikipedia.org/wiki/Anexo:Torneo_Apertura_2026_(Argentina)
2026-01-28,19:00,Racing Club,Rosario Central,1,2,,,Primera Division - Apertura,2026,zonas,Zona B,Fecha 2,El Cilindro,https://es.wikipedia.org/wiki/Anexo:Torneo_Apertura_2026_(Argentina)
2026-01-28,20:00,River Plate,Gimnasia y Esgrima (LP),2,0,,,Primera Division - Apertura,2026,zonas,Zona B,Fecha 2,Monumental,https://es.wikipedia.org/wiki/Anexo:Torneo_Apertura_2026_(Argentina)
2026-01-28,22:15,Estudiantes (LP),Boca Juniors,2,1,,,Primera Division - Apertura,2026,zonas,Zona A,Fecha 2,Jorge Luis Hirschi,https://es.wikipedia.org/wiki/Anexo:Torneo_Apertura_2026_(Argentina)
2026-01-29,17:00,Deportivo Riestra,Defensa y Justicia,0,1,,,Primera Division - Apertura,2026,zonas,Zona A,Fecha 2,Guillermo Laza,https://es.wikipedia.org/wiki/Anexo:Torneo_Apertura_2026_(Argentina)
2026-01-29,19:15,Belgrano,Tigre,1,1,,,Primera Division - Apertura,2026,zonas,Zona B,Fecha 2,Gigante de Alberdi,https://es.wikipedia.org/wiki/Anexo:Torneo_Apertura_2026_(Argentina)
2026-01-29,19:15,Lanús,Unión,2,1,,,Primera Division - Apertura,2026,zonas,Zona A,Fecha 2,Ciudad de Lanús,https://es.wikipedia.org/wiki/Anexo:Torneo_Apertura_2026_(Argentina)
2026-01-29,21:30,Estudiantes (RC),Argentinos Juniors,0,0,,,Primera Division - Apertura,2026,zonas,Zona B,Fecha 2,Antonio Candini,https://es.wikipedia.org/wiki/Anexo:Torneo_Apertura_2026_(Argentina)
2026-01-29,21:30,Sarmiento (J),Banfield,1,0,,,Primera Division - Apertura,2026,zonas,Zona B,Fecha 2,Eva Perón,https://es.wikipedia.org/wiki/Anexo:Torneo_Apertura_2026_(Argentina)
2026-01-31,17:30,San Lorenzo,Central Córdoba (SdE),1,0,,,Primera Division - Apertura,2026,zonas,Zona A,Fecha 3,Nuevo Gasómetro,https://es.wikipedia.org/wiki/Anexo:Torneo_Apertura_2026_(Argentina)
2026-01-31,19:45,Independiente,Vélez Sarsfield,1,1,,,Primera Division - Apertura,2026,zonas,Zona A,Fecha 3,Libertadores de América,https://es.wikipedia.org/wiki/Anexo:Torneo_Apertura_2026_(Argentina)
2026-01-31,22:00,Atlético Tucumán,Huracán,1,1,,,Primera Division - Apertura,2026,zonas,Zona B,Fecha 3,Monumental José Fierro,https://es.wikipedia.org/wiki/Anexo:Torneo_Apertura_2026_(Argentina)
2026-01-31,22:00,Talleres (C),Platense,1,2,,,Primera Division - Apertura,2026,zonas,Zona A,Fecha 3,Mario Alberto Kempes,https://es.wikipedia.org/wiki/Anexo:Torneo_Apertura_2026_(Argentina)
2026-02-01,17:00,Barracas Central,Deportivo Riestra,1,1,,,Primera Division - Apertura,2026,zonas,Interzonal,Fecha 3,Claudio Chiqui Tapia,https://es.wikipedia.org/wiki/Anexo:Torneo_Apertura_2026_(Argentina)
2026-02-01,19:15,Boca Juniors,Newell's Old Boys,2,0,,,Primera Division - Apertura,2026,zonas,Zona A,Fecha 3,La Bombonera,https://es.wikipedia.org/wiki/Anexo:Torneo_Apertura_2026_(Argentina)
2026-02-01,21:30,Rosario Central,River Plate,0,0,,,Primera Division - Apertura,2026,zonas,Zona B,Fecha 3,Gigante de Arroyito,https://es.wikipedia.org/wiki/Anexo:Torneo_Apertura_2026_(Argentina)
2026-02-02,17:30,Gimnasia y Esgrima (LP),Aldosivi,3,1,,,Primera Division - Apertura,2026,zonas,Zona B,Fecha 3,Del Bosque,https://es.wikipedia.org/wiki/Anexo:Torneo_Apertura_2026_(Argentina)
2026-02-02,19:45,Defensa y Justicia,Estudiantes (LP),0,0,,,Primera Division - Apertura,2026,zonas,Zona A,Fecha 3,Norberto Tomaghello,https://es.wikipedia.org/wiki/Anexo:Torneo_Apertura_2026_(Argentina)
2026-02-02,19:45,Tigre,Racing Club,3,1,,,Primera Division - Apertura,2026,zonas,Zona B,Fecha 3,Monumental de Victoria,https://es.wikipedia.org/wiki/Anexo:Torneo_Apertura_2026_(Argentina)
2026-02-02,22:00,Argentinos Juniors,Belgrano,0,0,,,Primera Division - Apertura,2026,zonas,Zona B,Fecha 3,Diego Armando Maradona,https://es.wikipedia.org/wiki/Anexo:Torneo_Apertura_2026_(Argentina)
2026-02-02,22:00,Unión,Gimnasia y Esgrima (M),4,0,,,Primera Division - Apertura,2026,zonas,Zona A,Fecha 3,15 de Abril,https://es.wikipedia.org/wiki/Anexo:Torneo_Apertura_2026_(Argentina)
2026-02-03,19:00,Banfield,Estudiantes (RC),2,1,,,Primera Division - Apertura,2026,zonas,Zona B,Fecha 3,Florencio Sola,https://es.wikipedia.org/wiki/Anexo:Torneo_Apertura_2026_(Argentina)
2026-02-03,21:15,Independiente Rivadavia,Sarmiento (J),2,1,,,Primera Division - Apertura,2026,zonas,Zona B,Fecha 3,Bautista Gargantini,https://es.wikipedia.org/wiki/Anexo:Torneo_Apertura_2026_(Argentina)
2026-02-03,21:15,Instituto,Lanús,2,2,,,Primera Division - Apertura,2026,zonas,Zona A,Fecha 3,Monumental Presidente Perón,https://es.wikipedia.org/wiki/Anexo:Torneo_Apertura_2026_(Argentina)
2026-02-06,21:00,Central Córdoba (SdE),Unión,1,0,,,Primera Division - Apertura,2026,zonas,Zona A,Fecha 4,Único Madre de Ciudades,https://es.wikipedia.org/wiki/Anexo:Torneo_Apertura_2026_(Argentina)
2026-02-07,17:00,Aldosivi,Rosario Central,1,1,,,Primera Division - Apertura,2026,zonas,Zona B,Fecha 4,José María Minella,https://es.wikipedia.org/wiki/Anexo:Torneo_Apertura_2026_(Argentina)
2026-02-07,18:00,Racing Club,Argentinos Juniors,2,1,,,Primera Division - Apertura,2026,zonas,Zona B,Fecha 4,El Cilindro,https://es.wikipedia.org/wiki/Anexo:Torneo_Apertura_2026_(Argentina)
2026-02-07,20:00,River Plate,Tigre,1,4,,,Primera Division - Apertura,2026,zonas,Zona B,Fecha 4,Monumental,https://es.wikipedia.org/wiki/Anexo:Torneo_Apertura_2026_(Argentina)
2026-02-07,22:15,Belgrano,Banfield,1,0,,,Primera Division - Apertura,2026,zonas,Zona B,Fecha 4,Gigante de Alberdi,https://es.wikipedia.org/wiki/Anexo:Torneo_Apertura_2026_(Argentina)
2026-02-07,22:15,Newell's Old Boys,Defensa y Justicia,2,3,,,Primera Division - Apertura,2026,zonas,Zona A,Fecha 4,Marcelo Bielsa,https://es.wikipedia.org/wiki/Anexo:Torneo_Apertura_2026_(Argentina)
2026-02-08,17:00,Platense,Independiente,0,1,,,Primera Division - Apertura,2026,zonas,Zona A,Fecha 4,Ciudad de Vicente López,https://es.wikipedia.org/wiki/Anexo:Torneo_Apertura_2026_(Argentina)
2026-02-08,17:00,Sarmiento (J),Atlético Tucumán,2,1,,,Primera Division - Apertura,2026,zonas,Zona B,Fecha 4,Eva Perón,https://es.wikipedia.org/wiki/Anexo:Torneo_Apertura_2026_(Argentina)
2026-02-08,19:15,Huracán,San Lorenzo,1,0,,,Primera Division - Apertura,2026,zonas,Interzonal,Fecha 4,Tomás Adolfo Ducó,https://es.wikipedia.org/wiki/Anexo:Torneo_Apertura_2026_(Argentina)
2026-02-08,22:15,Gimnasia y Esgrima (M),Instituto,1,0,,,Primera Division - Apertura,2026,zonas,Zona A,Fecha 4,Víctor Antonio Legrotaglie,https://es.wikipedia.org/wiki/Anexo:Torneo_Apertura_2026_(Argentina)
2026-02-08,22:15,Vélez Sarsfield,Boca Juniors,2,1,,,Primera Division - Apertura,2026,zonas,Zona A,Fecha 4,José Amalfitani,https://es.wikipedia.org/wiki/Anexo:Torneo_Apertura_2026_(Argentina)
2026-02-09,17:00,Barracas Central,Gimnasia y Esgrima (LP),2,0,,,Primera Division - Apertura,2026,zonas,Zona B,Fecha 4,Claudio Chiqui Tapia,https://es.wikipedia.org/wiki/Anexo:Torneo_Apertura_2026_(Argentina)
2026-02-09,19:15,Estudiantes (LP),Deportivo Riestra,1,0,,,Primera Division - Apertura,2026,zonas,Zona A,Fecha 4,Jorge Luis Hirschi,https://es.wikipedia.org/wiki/Anexo:Torneo_Apertura_2026_(Argentina)
2026-02-09,19:15,Lanús,Talleres (C),1,1,,,Primera Division - Apertura,2026,zonas,Zona A,Fecha 4,Ciudad de Lanús,https://es.wikipedia.org/wiki/Anexo:Torneo_Apertura_2026_(Argentina)
2026-02-09,21:30,Estudiantes (RC),Independiente Rivadavia,0,1,,,Primera Division - Apertura,2026,zonas,Zona B,Fecha 4,Antonio Candini,https://es.wikipedia.org/wiki/Anexo:Torneo_Apertura_2026_(Argentina)
2026-02-12,19:00,Tigre,Aldosivi,1,0,,,Primera Division - Apertura,2026,zonas,Zona B,Fecha 5,Monumental de Victoria,https://es.wikipedia.org/wiki/Anexo:Torneo_Apertura_2026_(Argentina)
2026-02-12,21:15,Argentinos Juniors,River Plate,1,0,,,Primera Division - Apertura,2026,zonas,Zona B,Fecha 5,Diego Armando Maradona,https://es.wikipedia.org/wiki/Anexo:Torneo_Apertura_2026_(Argentina)
2026-02-13,20:00,Independiente,Lanús,2,0,,,Primera Division - Apertura,2026,zonas,Zona A,Fecha 5,Libertadores de América,https://es.wikipedia.org/wiki/Anexo:Torneo_Apertura_2026_(Argentina)
2026-02-13,22:15,Defensa y Justicia,Vélez Sarsfield,1,1,,,Primera Division - Apertura,2026,zonas,Zona A,Fecha 5,Norberto Tomaghello,https://es.wikipedia.org/wiki/Anexo:Torneo_Apertura_2026_(Argentina)
2026-02-13,22:15,Unión,San Lorenzo,0,0,,,Primera Division - Apertura,2026,zonas,Zona A,Fecha 5,15 de Abril,https://es.wikipedia.org/wiki/Anexo:Torneo_Apertura_2026_(Argentina)
2026-02-14,17:30,Banfield,Racing Club,0,2,,,Primera Division - Apertura,2026,zonas,Zona B,Fecha 5,Florencio Sola,https://es.wikipedia.org/wiki/Anexo:Torneo_Apertura_2026_(Argentina)
2026-02-14,19:45,Huracán,Sarmiento (J),1,0,,,Primera Division - Apertura,2026,zonas,Zona B,Fecha 5,Tomás Adolfo Ducó,https://es.wikipedia.org/wiki/Anexo:Torneo_Apertura_2026_(Argentina)
2026-02-14,19:45,Talleres (C),Gimnasia y Esgrima (M),2,1,,,Primera Division - Apertura,2026,zonas,Zona A,Fecha 5,Mario Alberto Kempes,https://es.wikipedia.org/wiki/Anexo:Torneo_Apertura_2026_(Argentina)
2026-02-14,22:00,Atlético Tucumán,Estudiantes (RC),4,0,,,Primera Division - Apertura,2026,zonas,Zona B,Fecha 5,Monumental José Fierro,https://es.wikipedia.org/wiki/Anexo:Torneo_Apertura_2026_(Argentina)
2026-02-14,22:00,Independiente Rivadavia,Belgrano,0,1,,,Primera Division - Apertura,2026,zonas,Zona B,Fecha 5,Bautista Gargantini,https://es.wikipedia.org/wiki/Anexo:Torneo_Apertura_2026_(Argentina)
2026-02-15,17:00,Gimnasia y Esgrima (LP),Estudiantes (LP),0,0,,,Primera Division - Apertura,2026,zonas,Interzonal,Fecha 5,Del Bosque,https://es.wikipedia.org/wiki/Anexo:Torneo_Apertura_2026_(Argentina)
2026-02-15,19:30,Boca Juniors,Platense,0,0,,,Primera Division - Apertura,2026,zonas,Zona A,Fecha 5,La Bombonera,https://es.wikipedia.org/wiki/Anexo:Torneo_Apertura_2026_(Argentina)
2026-02-15,22:00,Instituto,Central Córdoba (SdE),2,0,,,Primera Division - Apertura,2026,zonas,Zona A,Fecha 5,Monumental Presidente Perón,https://es.wikipedia.org/wiki/Anexo:Torneo_Apertura_2026_(Argentina)
2026-02-15,22:00,Rosario Central,Barracas Central,2,0,,,Primera Division - Apertura,2026,zonas,Zona B,Fecha 5,Gigante de Arroyito,https://es.wikipedia.org/wiki/Anexo:Torneo_Apertura_2026_(Argentina)
2026-02-16,19:00,Deportivo Riestra,Newell's Old Boys,1,1,,,Primera Division - Apertura,2026,zonas,Zona A,Fecha 5,Guillermo Laza,https://es.wikipedia.org/wiki/Anexo:Torneo_Apertura_2026_(Argentina)
2026-02-19,17:15,Defensa y Justicia,Belgrano,1,1,,,Primera Division - Apertura,2026,zonas,Interzonal,Fecha 6,Norberto Tomaghello,https://es.wikipedia.org/wiki/Anexo:Torneo_Apertura_2026_(Argentina)
2026-02-19,17:15,San Lorenzo,Estudiantes (RC),2,0,,,Primera Division - Apertura,2026,zonas,Interzonal,Fecha 6,Nuevo Gasómetro,https://es.wikipedia.org/wiki/Anexo:Torneo_Apertura_2026_(Argentina)
2026-02-19,19:30,Independiente Rivadavia,Independiente,3,2,,,Primera Division - Apertura,2026,zonas,Interzonal,Fecha 6,Bautista Gargantini,https://es.wikipedia.org/wiki/Anexo:Torneo_Apertura_2026_(Argentina)
2026-02-19,19:30,Instituto,Atlético Tucumán,2,1,,,Primera Division - Apertura,2026,zonas,Interzonal,Fecha 6,Monumental Presidente Perón,https://es.wikipedia.org/wiki/Anexo:Torneo_Apertura_2026_(Argentina)
2026-02-20,17:45,Estudiantes (LP),Sarmiento (J),1,0,,,Primera Division - Apertura,2026,zonas,Interzonal,Fecha 6,Jorge Luis Hirschi,https://es.wikipedia.org/wiki/Anexo:Torneo_Apertura_2026_(Argentina)
2026-02-20,20:00,Boca Juniors,Racing Club,0,0,,,Primera Division - Apertura,2026,zonas,Interzonal,Fecha 6,La Bombonera,https://es.wikipedia.org/wiki/Anexo:Torneo_Apertura_2026_(Argentina)
2026-02-20,22:15,Gimnasia y Esgrima (M),Gimnasia y Esgrima (LP),0,1,,,Primera Division - Apertura,2026,zonas,Interzonal,Fecha 6,Víctor Hugo Legrotaglie,https://es.wikipedia.org/wiki/Anexo:Torneo_Apertura_2026_(Argentina)
2026-02-20,22:15,Rosario Central,Talleres (C),0,1,,,Primera Division - Apertura,2026,zonas,Interzonal,Fecha 6,Gigante de Arroyito,https://es.wikipedia.org/wiki/Anexo:Torneo_Apertura_2026_(Argentina)
2026-02-21,17:00,Platense,Barracas Central,1,0,,,Primera Division - Apertura,2026,zonas,Interzonal,Fecha 6,Ciudad de Vicente López,https://es.wikipedia.org/wiki/Anexo:Torneo_Apertura_2026_(Argentina)
2026-02-21,19:15,Banfield,Newell's Old Boys,3,0,,,Primera Division - Apertura,2026,zonas,Interzonal,Fecha 6,Florencio Sola,https://es.wikipedia.org/wiki/Anexo:Torneo_Apertura_2026_(Argentina)
2026-02-21,19:15,Deportivo Riestra,Huracán,0,0,,,Primera Division - Apertura,2026,zonas,Interzonal,Fecha 6,Guillermo Laza,https://es.wikipedia.org/wiki/Anexo:Torneo_Apertura_2026_(Argentina)
2026-02-21,21:30,Central Córdoba (SdE),Tigre,0,0,,,Primera Division - Apertura,2026,zonas,Interzonal,Fecha 6,Único Madre de Ciudades,https://es.wikipedia.org/wiki/Anexo:Torneo_Apertura_2026_(Argentina)
2026-02-22,19:15,Vélez Sarsfield,River Plate,1,0,,,Primera Division - Apertura,2026,zonas,Interzonal,Fecha 6,José Amalfitani,https://es.wikipedia.org/wiki/Anexo:Torneo_Apertura_2026_(Argentina)
2026-02-22,21:30,Unión,Aldosivi,1,0,,,Primera Division - Apertura,2026,zonas,Interzonal,Fecha 6,15 de Abril,https://es.wikipedia.org/wiki/Anexo:Torneo_Apertura_2026_(Argentina)
2026-02-24,17:00,Platense,Defensa y Justicia,0,0,,,Primera Division - Apertura,2026,zonas,Zona A,Fecha 7,Ciudad de Vicente López,https://es.wikipedia.org/wiki/Anexo:Torneo_Apertura_2026_(Argentina)
2026-02-24,19:15,San Lorenzo,Instituto,1,1,,,Primera Division - Apertura,2026,zonas,Zona A,Fecha 7,Nuevo Gasómetro,https://es.wikipedia.org/wiki/Anexo:Torneo_Apertura_2026_(Argentina)
2026-02-24,19:45,Central Córdoba (SdE),Talleres (C),2,0,,,Primera Division - Apertura,2026,zonas,Zona A,Fecha 7,Único Madre de Ciudades,https://es.wikipedia.org/wiki/Anexo:Torneo_Apertura_2026_(Argentina)
2026-02-24,21:30,Belgrano,Atlético Tucumán,3,1,,,Primera Division - Apertura,2026,zonas,Zona B,Fecha 7,Gigante de Alberdi,https://es.wikipedia.org/wiki/Anexo:Torneo_Apertura_2026_(Argentina)
2026-02-24,22:00,Gimnasia y Esgrima (M),Independiente,1,1,,,Primera Division - Apertura,2026,zonas,Zona A,Fecha 7,Víctor Antonio Legrotaglie,https://es.wikipedia.org/wiki/Anexo:Torneo_Apertura_2026_(Argentina)
2026-02-25,17:00,Barracas Central,Tigre,2,1,,,Primera Division - Apertura,2026,zonas,Zona B,Fecha 7,Claudio Chiqui Tapia,https://es.wikipedia.org/wiki/Anexo:Torneo_Apertura_2026_(Argentina)
2026-02-25,17:00,Gimnasia y Esgrima (LP),Rosario Central,1,2,,,Primera Division - Apertura,2026,zonas,Zona B,Fecha 7,Del Bosque,https://es.wikipedia.org/wiki/Anexo:Torneo_Apertura_2026_(Argentina)
2026-02-25,19:30,Newell's Old Boys,Estudiantes (LP),0,2,,,Primera Division - Apertura,2026,zonas,Zona A,Fecha 7,Marcelo Bielsa,https://es.wikipedia.org/wiki/Anexo:Torneo_Apertura_2026_(Argentina)
2026-02-25,19:30,Vélez Sarsfield,Deportivo Riestra,0,0,,,Primera Division - Apertura,2026,zonas,Zona A,Fecha 7,José Amalfitani,https://es.wikipedia.org/wiki/Anexo:Torneo_Apertura_2026_(Argentina)
2026-02-26,17:15,Racing Club,Independiente Rivadavia,1,1,,,Primera Division - Apertura,2026,zonas,Zona B,Fecha 7,El Cilindro,https://es.wikipedia.org/wiki/Anexo:Torneo_Apertura_2026_(Argentina)
2026-02-26,17:15,Sarmiento (J),Unión,1,3,,,Primera Division - Apertura,2026,zonas,Interzonal,Fecha 7,Eva Perón,https://es.wikipedia.org/wiki/Anexo:Torneo_Apertura_2026_(Argentina)
2026-02-26,19:30,Estudiantes (RC),Huracán,2,0,,,Primera Division - Apertura,2026,zonas,Zona B,Fecha 7,Antonio Candini,https://es.wikipedia.org/wiki/Anexo:Torneo_Apertura_2026_(Argentina)
2026-02-26,19:30,River Plate,Banfield,3,1,,,Primera Division - Apertura,2026,zonas,Zona B,Fecha 7,Monumental,https://es.wikipedia.org/wiki/Anexo:Torneo_Apertura_2026_(Argentina)
2026-02-28,17:45,Boca Juniors,Gimnasia y Esgrima (M),1,1,,,Primera Division - Apertura,2026,zonas,Zona A,Fecha 8,La Bombonera,https://es.wikipedia.org/wiki/Anexo:Torneo_Apertura_2026_(Argentina)
2026-02-28,20:00,Independiente,Central Córdoba (SdE),2,0,,,Primera Division - Apertura,2026,zonas,Zona A,Fecha 8,Libertadores de América,https://es.wikipedia.org/wiki/Anexo:Torneo_Apertura_2026_(Argentina)
2026-02-28,22:15,Talleres (C),San Lorenzo,0,0,,,Primera Division - Apertura,2026,zonas,Zona A,Fecha 8,Mario Alberto Kempes,https://es.wikipedia.org/wiki/Anexo:Torneo_Apertura_2026_(Argentina)
2026-03-01,17:00,Newell's Old Boys,Rosario Central,0,2,,,Primera Division - Apertura,2026,zonas,Interzonal,Fecha 8,Marcelo Bielsa,https://es.wikipedia.org/wiki/Anexo:Torneo_Apertura_2026_(Argentina)
2026-03-01,19:15,Argentinos Juniors,Barracas Central,1,1,,,Primera Division - Apertura,2026,zonas,Zona B,Fecha 8,Diego Armando Maradona,https://es.wikipedia.org/wiki/Anexo:Torneo_Apertura_2026_(Argentina)
2026-03-01,19:15,Instituto,Unión,1,2,,,Primera Division - Apertura,2026,zonas,Zona A,Fecha 8,Monumental Presidente Perón,https://es.wikipedia.org/wiki/Anexo:Torneo_Apertura_2026_(Argentina)
2026-03-01,21:30,Defensa y Justicia,Lanús,1,1,,,Primera Division - Apertura,2026,zonas,Zona A,Fecha 8,Norberto Tomaghello,https://es.wikipedia.org/wiki/Anexo:Torneo_Apertura_2026_(Argentina)
2026-03-01,21:30,Tigre,Gimnasia y Esgrima (LP),2,2,,,Primera Division - Apertura,2026,zonas,Zona B,Fecha 8,Monumental de Victoria,https://es.wikipedia.org/wiki/Anexo:Torneo_Apertura_2026_(Argentina)
2026-03-02,19:15,Deportivo Riestra,Platense,0,0,,,Primera Division - Apertura,2026,zonas,Zona A,Fecha 8,Guillermo Laza,https://es.wikipedia.org/wiki/Anexo:Torneo_Apertura_2026_(Argentina)
2026-03-02,19:15,Estudiantes (LP),Vélez Sarsfield,0,1,,,Primera Division - Apertura,2026,zonas,Zona A,Fecha 8,Jorge Luis Hirschi,https://es.wikipedia.org/wiki/Anexo:Torneo_Apertura_2026_(Argentina)
2026-03-02,21:30,Banfield,Aldosivi,2,0,,,Primera Division - Apertura,2026,zonas,Zona B,Fecha 8,Florencio Sola,https://es.wikipedia.org/wiki/Anexo:Torneo_Apertura_2026_(Argentina)
2026-03-02,21:30,Independiente Rivadavia,River Plate,1,1,,,Primera Division - Apertura,2026,zonas,Zona B,Fecha 8,Bautista Gargantini,https://es.wikipedia.org/wiki/Anexo:Torneo_Apertura_2026_(Argentina)
2026-03-03,19:00,Sarmiento (J),Estudiantes (RC),1,0,,,Primera Division - Apertura,2026,zonas,Zona B,Fecha 8,Eva Perón,https://es.wikipedia.org/wiki/Anexo:Torneo_Apertura_2026_(Argentina)
2026-03-03,19:15,Huracán,Belgrano,3,1,,,Primera Division - Apertura,2026,zonas,Zona B,Fecha 8,Tomás Adolfo Ducó,https://es.wikipedia.org/wiki/Anexo:Torneo_Apertura_2026_(Argentina)
2026-03-03,21:15,Atlético Tucumán,Racing Club,0,3,,,Primera Division - Apertura,2026,zonas,Zona B,Fecha 8,Monumental José Fierro,https://es.wikipedia.org/wiki/Anexo:Torneo_Apertura_2026_(Argentina)
2026-03-04,21:00,Lanús,Boca Juniors,0,3,,,Primera Division - Apertura,2026,zonas,Zona A,Fecha 7,Ciudad de Lanús,https://es.wikipedia.org/wiki/Anexo:Torneo_Apertura_2026_(Argentina)
2026-03-10,19:45,Independiente,Unión,4,4,,,Primera Division - Apertura,2026,zonas,Zona A,Fecha 10,Libertadores de América,https://es.wikipedia.org/wiki/Anexo:Torneo_Apertura_2026_(Argentina)
2026-03-10,19:45,Tigre,Vélez Sarsfield,1,1,,,Primera Division - Apertura,2026,zonas,Interzonal,Fecha 10,Monumental de Victoria,https://es.wikipedia.org/wiki/Anexo:Torneo_Apertura_2026_(Argentina)
2026-03-10,22:00,Newell's Old Boys,Platense,1,1,,,Primera Division - Apertura,2026,zonas,Zona A,Fecha 10,Marcelo Bielsa,https://es.wikipedia.org/wiki/Anexo:Torneo_Apertura_2026_(Argentina)
2026-03-10,22:00,Sarmiento (J),Racing Club,0,0,,,Primera Division - Apertura,2026,zonas,Zona B,Fecha 10,Eva Perón,https://es.wikipedia.org/wiki/Anexo:Torneo_Apertura_2026_(Argentina)
2026-03-11,17:30,Argentinos Juniors,Rosario Central,0,0,,,Primera Division - Apertura,2026,zonas,Zona B,Fecha 10,Diego Armando Maradona,https://es.wikipedia.org/wiki/Anexo:Torneo_Apertura_2026_(Argentina)
2026-03-11,17:30,Banfield,Gimnasia y Esgrima (LP),1,2,,,Primera Division - Apertura,2026,zonas,Zona B,Fecha 10,Florencio Sola,https://es.wikipedia.org/wiki/Anexo:Torneo_Apertura_2026_(Argentina)
2026-03-11,19:45,Boca Juniors,San Lorenzo,1,1,,,Primera Division - Apertura,2026,zonas,Zona A,Fecha 10,La Bombonera,https://es.wikipedia.org/wiki/Anexo:Torneo_Apertura_2026_(Argentina)
2026-03-11,22:00,Atlético Tucumán,Aldosivi,1,1,,,Primera Division - Apertura,2026,zonas,Zona B,Fecha 10,Monumental José Fierro,https://es.wikipedia.org/wiki/Anexo:Torneo_Apertura_2026_(Argentina)
2026-03-11,22:00,Independiente Rivadavia,Barracas Central,1,2,,,Primera Division - Apertura,2026,zonas,Zona B,Fecha 10,Bautista Gargantini,https://es.wikipedia.org/wiki/Anexo:Torneo_Apertura_2026_(Argentina)
2026-03-12,17:00,Defensa y Justicia,Central Córdoba (SdE),1,1,,,Primera Division - Apertura,2026,zonas,Zona A,Fecha 10,Norberto Tomaghello,https://es.wikipedia.org/wiki/Anexo:Torneo_Apertura_2026_(Argentina)
2026-03-12,17:00,Deportivo Riestra,Gimnasia y Esgrima (M),0,0,,,Primera Division - Apertura,2026,zonas,Zona A,Fecha 10,Guillermo Laza,https://es.wikipedia.org/wiki/Anexo:Torneo_Apertura_2026_(Argentina)
2026-03-12,19:15,Estudiantes (RC),Belgrano,0,1,,,Primera Division - Apertura,2026,zonas,Zona B,Fecha 10,Antonio Candini,https://es.wikipedia.org/wiki/Anexo:Torneo_Apertura_2026_(Argentina)
2026-03-12,19:15,Talleres (C),Instituto,2,0,,,Primera Division - Apertura,2026,zonas,Zona A,Fecha 10,Mario Alberto Kempes,https://es.wikipedia.org/wiki/Anexo:Torneo_Apertura_2026_(Argentina)
2026-03-12,21:30,Huracán,River Plate,1,2,,,Primera Division - Apertura,2026,zonas,Zona B,Fecha 10,Tomás Adolfo Ducó,https://es.wikipedia.org/wiki/Anexo:Torneo_Apertura_2026_(Argentina)
2026-03-13,20:00,Estudiantes (LP),Lanús,0,1,,,Primera Division - Apertura,2026,zonas,Zona A,Fecha 10,Jorge Luis Hirschi,https://es.wikipedia.org/wiki/Anexo:Torneo_Apertura_2026_(Argentina)
2026-03-14,19:00,Platense,Vélez Sarsfield,0,2,,,Primera Division - Apertura,2026,zonas,Zona A,Fecha 11,Ciudad de Vicente López,https://es.wikipedia.org/wiki/Anexo:Torneo_Apertura_2026_(Argentina)
2026-03-14,21:00,Rosario Central,Banfield,2,1,,,Primera Division - Apertura,2026,zonas,Zona B,Fecha 11,Gigante de Arroyito,https://es.wikipedia.org/wiki/Anexo:Torneo_Apertura_2026_(Argentina)
2026-03-15,15:15,Gimnasia y Esgrima (LP),Independiente Rivadavia,2,3,,,Primera Division - Apertura,2026,zonas,Zona B,Fecha 11,Del Bosque,https://es.wikipedia.org/wiki/Anexo:Torneo_Apertura_2026_(Argentina)
2026-03-15,17:30,Belgrano,Talleres (C),0,0,,,Primera Division - Apertura,2026,zonas,Interzonal,Fecha 11,Gigante de Alberdi,https://es.wikipedia.org/wiki/Anexo:Torneo_Apertura_2026_(Argentina)
2026-03-15,19:45,River Plate,Sarmiento (J),2,0,,,Primera Division - Apertura,2026,zonas,Zona B,Fecha 11,Monumental,https://es.wikipedia.org/wiki/Anexo:Torneo_Apertura_2026_(Argentina)
2026-03-15,22:00,Tigre,Argentinos Juniors,1,1,,,Primera Division - Apertura,2026,zonas,Zona B,Fecha 11,Monumental de Victoria,https://es.wikipedia.org/wiki/Anexo:Torneo_Apertura_2026_(Argentina)
2026-03-15,22:00,Unión,Boca Juniors,1,1,,,Primera Division - Apertura,2026,zonas,Zona A,Fecha 11,15 de Abril,https://es.wikipedia.org/wiki/Anexo:Torneo_Apertura_2026_(Argentina)
2026-03-16,15:30,Aldosivi,Huracán,0,0,,,Primera Division - Apertura,2026,zonas,Zona B,Fecha 11,José María Minella,https://es.wikipedia.org/wiki/Anexo:Torneo_Apertura_2026_(Argentina)
2026-03-16,15:30,Barracas Central,Atlético Tucumán,2,1,,,Primera Division - Apertura,2026,zonas,Zona B,Fecha 11,Claudio Chiqui Tapia,https://es.wikipedia.org/wiki/Anexo:Torneo_Apertura_2026_(Argentina)
2026-03-16,18:30,San Lorenzo,Defensa y Justicia,2,5,,,Primera Division - Apertura,2026,zonas,Zona A,Fecha 11,Nuevo Gasómetro,https://es.wikipedia.org/wiki/Anexo:Torneo_Apertura_2026_(Argentina)
2026-03-16,20:00,Racing Club,Estudiantes (RC),2,0,,,Primera Division - Apertura,2026,zonas,Zona B,Fecha 11,El Cilindro,https://es.wikipedia.org/wiki/Anexo:Torneo_Apertura_2026_(Argentina)
2026-03-16,22:15,Instituto,Independiente,2,1,,,Primera Division - Apertura,2026,zonas,Zona A,Fecha 11,Monumental Presidente Perón,https://es.wikipedia.org/wiki/Anexo:Torneo_Apertura_2026_(Argentina)
2026-03-17,19:00,Lanús,Newell's Old Boys,5,0,,,Primera Division - Apertura,2026,zonas,Zona A,Fecha 11,Ciudad de Lanús,https://es.wikipedia.org/wiki/Anexo:Torneo_Apertura_2026_(Argentina)
2026-03-17,21:15,Central Córdoba (SdE),Deportivo Riestra,1,0,,,Primera Division - Apertura,2026,zonas,Zona A,Fecha 11,Único Madre de Ciudades,https://es.wikipedia.org/wiki/Anexo:Torneo_Apertura_2026_(Argentina)
2026-03-17,21:15,Gimnasia y Esgrima (M),Estudiantes (LP),1,2,,,Primera Division - Apertura,2026,zonas,Zona A,Fecha 11,Víctor Antonio Legrotaglie,https://es.wikipedia.org/wiki/Anexo:Torneo_Apertura_2026_(Argentina)
2026-03-20,21:00,Atlético Tucumán,Gimnasia y Esgrima (LP),1,0,,,Primera Division - Apertura,2026,zonas,Zona B,Fecha 12,Monumental José Fierro,https://es.wikipedia.org/wiki/Anexo:Torneo_Apertura_2026_(Argentina)
2026-03-20,21:00,Banfield,Tigre,1,0,,,Primera Division - Apertura,2026,zonas,Zona B,Fecha 12,Florencio Sola,https://es.wikipedia.org/wiki/Anexo:Torneo_Apertura_2026_(Argentina)
2026-03-21,15:30,Vélez Sarsfield,Lanús,0,1,,,Primera Division - Apertura,2026,zonas,Zona A,Fecha 12,José Amalfitani,https://es.wikipedia.org/wiki/Anexo:Torneo_Apertura_2026_(Argentina)
2026-03-21,17:45,Defensa y Justicia,Unión,2,0,,,Primera Division - Apertura,2026,zonas,Zona A,Fecha 12,Norberto Tomaghello,https://es.wikipedia.org/wiki/Anexo:Torneo_Apertura_2026_(Argentina)
2026-03-21,17:45,Newell's Old Boys,Gimnasia y Esgrima (M),1,0,,,Primera Division - Apertura,2026,zonas,Zona A,Fecha 12,Marcelo Bielsa,https://es.wikipedia.org/wiki/Anexo:Torneo_Apertura_2026_(Argentina)
2026-03-21,20:00,Independiente,Talleres (C),1,2,,,Primera Division - Apertura,2026,zonas,Zona A,Fecha 12,Libertadores de América,https://es.wikipedia.org/wiki/Anexo:Torneo_Apertura_2026_(Argentina)
2026-03-21,22:15,Belgrano,Racing Club,1,2,,,Primera Division - Apertura,2026,zonas,Zona B,Fecha 12,Gigante de Alberdi,https://es.wikipedia.org/wiki/Anexo:Torneo_Apertura_2026_(Argentina)
2026-03-22,15:30,Sarmiento (J),Aldosivi,2,0,,,Primera Division - Apertura,2026,zonas,Zona B,Fecha 12,Eva Perón,https://es.wikipedia.org/wiki/Anexo:Torneo_Apertura_2026_(Argentina)
2026-03-22,17:45,Estudiantes (RC),River Plate,0,2,,,Primera Division - Apertura,2026,zonas,Zona B,Fecha 12,Antonio Candini,https://es.wikipedia.org/wiki/Anexo:Torneo_Apertura_2026_(Argentina)
2026-03-22,20:00,Boca Juniors,Instituto,2,0,,,Primera Division - Apertura,2026,zonas,Zona A,Fecha 12,La Bombonera,https://es.wikipedia.org/wiki/Anexo:Torneo_Apertura_2026_(Argentina)
2026-03-22,22:15,Argentinos Juniors,Platense,1,0,,,Primera Division - Apertura,2026,zonas,Interzonal,Fecha 12,Diego Armando Maradona,https://es.wikipedia.org/wiki/Anexo:Torneo_Apertura_2026_(Argentina)
2026-03-22,22:15,Independiente Rivadavia,Rosario Central,2,0,,,Primera Division - Apertura,2026,zonas,Zona B,Fecha 12,Bautista Gargantini,https://es.wikipedia.org/wiki/Anexo:Torneo_Apertura_2026_(Argentina)
2026-03-23,19:00,Estudiantes (LP),Central Córdoba (SdE),5,0,,,Primera Division - Apertura,2026,zonas,Zona A,Fecha 12,Jorge Luis Hirschi,https://es.wikipedia.org/wiki/Anexo:Torneo_Apertura_2026_(Argentina)
2026-03-23,21:15,Huracán,Barracas Central,0,0,,,Primera Division - Apertura,2026,zonas,Zona B,Fecha 12,Tomás Adolfo Ducó,https://es.wikipedia.org/wiki/Anexo:Torneo_Apertura_2026_(Argentina)
2026-03-25,19:00,Deportivo Riestra,San Lorenzo,1,1,,,Primera Division - Apertura,2026,zonas,Zona A,Fecha 12,Guillermo Laza,https://es.wikipedia.org/wiki/Anexo:Torneo_Apertura_2026_(Argentina)
2026-03-26,21:00,Argentinos Juniors,Lanús,2,1,,,Primera Division - Apertura,2026,zonas,Interzonal,Fecha 6,Diego Armando Maradona,https://es.wikipedia.org/wiki/Anexo:Torneo_Apertura_2026_(Argentina)
2026-03-31,15:30,Aldosivi,Argentinos Juniors,0,2,,,Primera Division - Apertura,2026,zonas,Zona B,Fecha 7,José María Minella,https://es.wikipedia.org/wiki/Anexo:Torneo_Apertura_2026_(Argentina)
2026-04-01,20:00,Lanús,Platense,0,0,,,Primera Division - Apertura,2026,zonas,Zona A,Fecha 13,Ciudad de Lanús,https://es.wikipedia.org/wiki/Anexo:Torneo_Apertura_2026_(Argentina)
2026-04-02,15:00,Barracas Central,Sarmiento (J),1,2,,,Primera Division - Apertura,2026,zonas,Zona B,Fecha 13,Claudio Chiqui Tapia,https://es.wikipedia.org/wiki/Anexo:Torneo_Apertura_2026_(Argentina)
2026-04-02,17:30,Tigre,Independiente Rivadavia,0,2,,,Primera Division - Apertura,2026,zonas,Zona B,Fecha 13,Monumental de Victoria,https://es.wikipedia.org/wiki/Anexo:Torneo_Apertura_2026_(Argentina)
2026-04-02,20:30,Talleres (C),Boca Juniors,0,1,,,Primera Division - Apertura,2026,zonas,Zona A,Fecha 13,Mario Alberto Kempes,https://es.wikipedia.org/wiki/Anexo:Torneo_Apertura_2026_(Argentina)
2026-04-03,15:00,Gimnasia y Esgrima (M),Vélez Sarsfield,3,2,,,Primera Division - Apertura,2026,zonas,Zona A,Fecha 13,Víctor Antonio Legrotaglie,https://es.wikipedia.org/wiki/Anexo:Torneo_Apertura_2026_(Argentina)
2026-04-03,17:15,Unión,Deportivo Riestra,2,0,,,Primera Division - Apertura,2026,zonas,Zona A,Fecha 13,15 de Abril,https://es.wikipedia.org/wiki/Anexo:Torneo_Apertura_2026_(Argentina)
2026-04-03,19:30,San Lorenzo,Estudiantes (LP),1,0,,,Primera Division - Apertura,2026,zonas,Zona A,Fecha 13,Nuevo Gasómetro,https://es.wikipedia.org/wiki/Anexo:Torneo_Apertura_2026_(Argentina)
2026-04-04,13:30,Aldosivi,Estudiantes (RC),0,0,,,Primera Division - Apertura,2026,zonas,Zona B,Fecha 13,José María Minella,https://es.wikipedia.org/wiki/Anexo:Torneo_Apertura_2026_(Argentina)
2026-04-04,17:30,Independiente,Racing Club,1,0,,,Primera Division - Apertura,2026,zonas,Interzonal,Fecha 13,Libertadores de América,https://es.wikipedia.org/wiki/Anexo:Torneo_Apertura_2026_(Argentina)
2026-04-04,21:00,Rosario Central,Atlético Tucumán,2,1,,,Primera Division - Apertura,2026,zonas,Zona B,Fecha 13,Gigante de Arroyito,https://es.wikipedia.org/wiki/Anexo:Torneo_Apertura_2026_(Argentina)
2026-04-05,15:30,Gimnasia y Esgrima (LP),Huracán,0,3,,,Primera Division - Apertura,2026,zonas,Zona B,Fecha 13,Del Bosque,https://es.wikipedia.org/wiki/Anexo:Torneo_Apertura_2026_(Argentina)
2026-04-05,18:00,River Plate,Belgrano,3,0,,,Primera Division - Apertura,2026,zonas,Zona B,Fecha 13,Monumental,https://es.wikipedia.org/wiki/Anexo:Torneo_Apertura_2026_(Argentina)
2026-04-05,20:30,Central Córdoba (SdE),Newell's Old Boys,1,3,,,Primera Division - Apertura,2026,zonas,Zona A,Fecha 13,Único Madre de Ciudades,https://es.wikipedia.org/wiki/Anexo:Torneo_Apertura_2026_(Argentina)
2026-04-06,19:00,Argentinos Juniors,Banfield,3,2,,,Primera Division - Apertura,2026,zonas,Zona B,Fecha 13,Diego Armando Maradona,https://es.wikipedia.org/wiki/Anexo:Torneo_Apertura_2026_(Argentina)
2026-04-06,21:15,Instituto,Defensa y Justicia,2,0,,,Primera Division - Apertura,2026,zonas,Zona A,Fecha 13,Monumental Presidente Perón,https://es.wikipedia.org/wiki/Anexo:Torneo_Apertura_2026_(Argentina)
2026-04-10,21:00,Belgrano,Aldosivi,1,0,,,Primera Division - Apertura,2026,zonas,Zona B,Fecha 14,Gigante de Alberdi,https://es.wikipedia.org/wiki/Anexo:Torneo_Apertura_2026_(Argentina)
2026-04-11,15:00,Deportivo Riestra,Instituto,0,1,,,Primera Division - Apertura,2026,zonas,Zona A,Fecha 14,Guillermo Laza,https://es.wikipedia.org/wiki/Anexo:Torneo_Apertura_2026_(Argentina)
2026-04-11,17:15,Estudiantes (LP),Unión,2,1,,,Primera Division - Apertura,2026,zonas,Zona A,Fecha 14,Jorge Luis Hirschi,https://es.wikipedia.org/wiki/Anexo:Torneo_Apertura_2026_(Argentina)
2026-04-11,17:15,Independiente Rivadavia,Argentinos Juniors,3,1,,,Primera Division - Apertura,2026,zonas,Zona B,Fecha 14,Bautista Gargantini,https://es.wikipedia.org/wiki/Anexo:Torneo_Apertura_2026_(Argentina)
2026-04-11,19:30,Boca Juniors,Independiente,1,1,,,Primera Division - Apertura,2026,zonas,Zona A,Fecha 14,La Bombonera,https://es.wikipedia.org/wiki/Anexo:Torneo_Apertura_2026_(Argentina)
2026-04-11,21:45,Estudiantes (RC),Barracas Central,1,2,,,Primera Division - Apertura,2026,zonas,Zona B,Fecha 14,Antonio Candini,https://es.wikipedia.org/wiki/Anexo:Torneo_Apertura_2026_(Argentina)
2026-04-12,15:00,Newell's Old Boys,San Lorenzo,0,0,,,Primera Division - Apertura,2026,zonas,Zona A,Fecha 14,Marcelo Bielsa,https://es.wikipedia.org/wiki/Anexo:Torneo_Apertura_2026_(Argentina)
2026-04-12,15:00,Platense,Gimnasia y Esgrima (M),1,1,,,Primera Division - Apertura,2026,zonas,Zona A,Fecha 14,Ciudad de Vicente López,https://es.wikipedia.org/wiki/Anexo:Torneo_Apertura_2026_(Argentina)
2026-04-12,17:30,Atlético Tucumán,Tigre,0,0,,,Primera Division - Apertura,2026,zonas,Zona B,Fecha 14,Monumental José Fierro,https://es.wikipedia.org/wiki/Anexo:Torneo_Apertura_2026_(Argentina)
2026-04-12,17:30,Huracán,Rosario Central,3,1,,,Primera Division - Apertura,2026,zonas,Zona B,Fecha 14,Tomás Adolfo Ducó,https://es.wikipedia.org/wiki/Anexo:Torneo_Apertura_2026_(Argentina)
2026-04-12,20:00,Racing Club,River Plate,0,2,,,Primera Division - Apertura,2026,zonas,Zona B,Fecha 14,El Cilindro,https://es.wikipedia.org/wiki/Anexo:Torneo_Apertura_2026_(Argentina)
2026-04-13,16:30,Defensa y Justicia,Talleres (C),1,2,,,Primera Division - Apertura,2026,zonas,Zona A,Fecha 14,Norberto Tomaghello,https://es.wikipedia.org/wiki/Anexo:Torneo_Apertura_2026_(Argentina)
2026-04-13,16:30,Sarmiento (J),Gimnasia y Esgrima (LP),1,2,,,Primera Division - Apertura,2026,zonas,Zona B,Fecha 14,Eva Perón,https://es.wikipedia.org/wiki/Anexo:Torneo_Apertura_2026_(Argentina)
2026-04-13,19:00,Lanús,Banfield,1,0,,,Primera Division - Apertura,2026,zonas,Interzonal,Fecha 14,Ciudad de Lanús,https://es.wikipedia.org/wiki/Anexo:Torneo_Apertura_2026_(Argentina)
2026-04-13,21:30,Vélez Sarsfield,Central Córdoba (SdE),1,0,,,Primera Division - Apertura,2026,zonas,Zona A,Fecha 14,José Amalfitani,https://es.wikipedia.org/wiki/Anexo:Torneo_Apertura_2026_(Argentina)
2026-04-17,20:30,Unión,Newell's Old Boys,2,3,,,Primera Division - Apertura,2026,zonas,Zona A,Fecha 15,15 de Abril,https://es.wikipedia.org/wiki/Anexo:Torneo_Apertura_2026_(Argentina)
2026-04-18,15:00,Gimnasia y Esgrima (LP),Estudiantes (RC),1,0,,,Primera Division - Apertura,2026,zonas,Zona B,Fecha 15,Del Bosque,https://es.wikipedia.org/wiki/Anexo:Torneo_Apertura_2026_(Argentina)
2026-04-18,17:15,Instituto,Estudiantes (LP),0,1,,,Primera Division - Apertura,2026,zonas,Zona A,Fecha 15,Monumental Presidente Perón,https://es.wikipedia.org/wiki/Anexo:Torneo_Apertura_2026_(Argentina)
2026-04-18,19:30,Independiente,Defensa y Justicia,3,1,,,Primera Division - Apertura,2026,zonas,Zona A,Fecha 15,Libertadores de América,https://es.wikipedia.org/wiki/Anexo:Torneo_Apertura_2026_(Argentina)
2026-04-18,21:45,Argentinos Juniors,Atlético Tucumán,1,0,,,Primera Division - Apertura,2026,zonas,Zona B,Fecha 15,Diego Armando Maradona,https://es.wikipedia.org/wiki/Anexo:Torneo_Apertura_2026_(Argentina)
2026-04-19,13:30,Aldosivi,Racing Club,1,1,,,Primera Division - Apertura,2026,zonas,Zona B,Fecha 15,José María Minella,https://es.wikipedia.org/wiki/Anexo:Torneo_Apertura_2026_(Argentina)
2026-04-19,17:00,River Plate,Boca Juniors,0,1,,,Primera Division - Apertura,2026,zonas,Interzonal,Fecha 15,Monumental,https://es.wikipedia.org/wiki/Anexo:Torneo_Apertura_2026_(Argentina)
2026-04-19,20:30,Rosario Central,Sarmiento (J),2,1,,,Primera Division - Apertura,2026,zonas,Zona B,Fecha 15,Gigante de Arroyito,https://es.wikipedia.org/wiki/Anexo:Torneo_Apertura_2026_(Argentina)
2026-04-19,20:30,Talleres (C),Deportivo Riestra,2,0,,,Primera Division - Apertura,2026,zonas,Zona A,Fecha 15,Mario Alberto Kempes,https://es.wikipedia.org/wiki/Anexo:Torneo_Apertura_2026_(Argentina)
2026-04-20,15:00,Barracas Central,Belgrano,0,0,,,Primera Division - Apertura,2026,zonas,Zona B,Fecha 15,Claudio Chiqui Tapia,https://es.wikipedia.org/wiki/Anexo:Torneo_Apertura_2026_(Argentina)
2026-04-20,17:15,Banfield,Independiente Rivadavia,0,0,,,Primera Division - Apertura,2026,zonas,Zona B,Fecha 15,Florencio Sola,https://es.wikipedia.org/wiki/Anexo:Torneo_Apertura_2026_(Argentina)
2026-04-20,17:15,Central Córdoba (SdE),Platense,4,3,,,Primera Division - Apertura,2026,zonas,Zona A,Fecha 15,Único Madre de Ciudades,https://es.wikipedia.org/wiki/Anexo:Torneo_Apertura_2026_(Argentina)
2026-04-20,19:30,San Lorenzo,Vélez Sarsfield,0,0,,,Primera Division - Apertura,2026,zonas,Zona A,Fecha 15,Nuevo Gasómetro,https://es.wikipedia.org/wiki/Anexo:Torneo_Apertura_2026_(Argentina)
2026-04-20,21:45,Gimnasia y Esgrima (M),Lanús,1,0,,,Primera Division - Apertura,2026,zonas,Zona A,Fecha 15,Víctor Hugo Legrotaglie,https://es.wikipedia.org/wiki/Anexo:Torneo_Apertura_2026_(Argentina)
2026-04-20,21:45,Tigre,Huracán,1,1,,,Primera Division - Apertura,2026,zonas,Zona B,Fecha 15,Monumental de Victoria,https://es.wikipedia.org/wiki/Anexo:Torneo_Apertura_2026_(Argentina)
2026-04-23,20:00,Defensa y Justicia,Boca Juniors,0,4,,,Primera Division - Apertura,2026,zonas,Zona A,Fecha 16,Norberto Tomaghello,https://es.wikipedia.org/wiki/Anexo:Torneo_Apertura_2026_(Argentina)
2026-04-24,17:00,Deportivo Riestra,Independiente,2,0,,,Primera Division - Apertura,2026,zonas,Zona A,Fecha 16,Guillermo Laza,https://es.wikipedia.org/wiki/Anexo:Torneo_Apertura_2026_(Argentina)
2026-04-24,19:15,Estudiantes (RC),Rosario Central,1,2,,,Primera Division - Apertura,2026,zonas,Zona B,Fecha 16,Antonio Candini,https://es.wikipedia.org/wiki/Anexo:Torneo_Apertura_2026_(Argentina)
2026-04-24,19:15,Lanús,Central Córdoba (SdE),0,0,,,Primera Division - Apertura,2026,zonas,Zona A,Fecha 16,Ciudad de Lanús,https://es.wikipedia.org/wiki/Anexo:Torneo_Apertura_2026_(Argentina)
2026-04-24,21:30,Platense,San Lorenzo,0,1,,,Primera Division - Apertura,2026,zonas,Zona A,Fecha 16,Ciudad de Vicente López,https://es.wikipedia.org/wiki/Anexo:Torneo_Apertura_2026_(Argentina)
2026-04-24,21:30,Racing Club,Barracas Central,1,1,,,Primera Division - Apertura,2026,zonas,Zona B,Fecha 16,El Cilindro,https://es.wikipedia.org/wiki/Anexo:Torneo_Apertura_2026_(Argentina)
2026-04-25,17:00,Estudiantes (LP),Talleres (C),0,0,,,Primera Division - Apertura,2026,zonas,Zona A,Fecha 16,Jorge Luis Hirschi,https://es.wikipedia.org/wiki/Anexo:Torneo_Apertura_2026_(Argentina)
2026-04-25,19:15,Sarmiento (J),Tigre,1,0,,,Primera Division - Apertura,2026,zonas,Zona B,Fecha 16,Eva Perón,https://es.wikipedia.org/wiki/Anexo:Torneo_Apertura_2026_(Argentina)
2026-04-25,21:30,River Plate,Aldosivi,3,1,,,Primera Division - Apertura,2026,zonas,Zona B,Fecha 16,Monumental,https://es.wikipedia.org/wiki/Anexo:Torneo_Apertura_2026_(Argentina)
2026-04-26,15:00,Independiente Rivadavia,Gimnasia y Esgrima (M),5,1,,,Primera Division - Apertura,2026,zonas,Interzonal,Fecha 16,Bautista Gargantini,https://es.wikipedia.org/wiki/Anexo:Torneo_Apertura_2026_(Argentina)
2026-04-26,17:30,Belgrano,Gimnasia y Esgrima (LP),0,1,,,Primera Division - Apertura,2026,zonas,Zona B,Fecha 16,Gigante de Alberdi,https://es.wikipedia.org/wiki/Anexo:Torneo_Apertura_2026_(Argentina)
2026-04-26,17:30,Newell's Old Boys,Instituto,1,1,,,Primera Division - Apertura,2026,zonas,Zona A,Fecha 16,Marcelo Bielsa,https://es.wikipedia.org/wiki/Anexo:Torneo_Apertura_2026_(Argentina)
2026-04-26,20:00,Atlético Tucumán,Banfield,1,1,,,Primera Division - Apertura,2026,zonas,Zona B,Fecha 16,Monumental José Fierro,https://es.wikipedia.org/wiki/Anexo:Torneo_Apertura_2026_(Argentina)
2026-04-27,18:45,Vélez Sarsfield,Unión,2,2,,,Primera Division - Apertura,2026,zonas,Zona A,Fecha 16,José Amalfitani,https://es.wikipedia.org/wiki/Anexo:Torneo_Apertura_2026_(Argentina)
2026-04-27,21:00,Huracán,Argentinos Juniors,1,2,,,Primera Division - Apertura,2026,zonas,Zona B,Fecha 16,Tomás Adolfo Ducó,https://es.wikipedia.org/wiki/Anexo:Torneo_Apertura_2026_(Argentina)
2026-05-02,14:00,Barracas Central,Banfield,1,2,,,Primera Division - Apertura,2026,zonas,Zona B,Fecha 9,Claudio Chiqui Tapia,https://es.wikipedia.org/wiki/Anexo:Torneo_Apertura_2026_(Argentina)
2026-05-02,14:30,Lanús,Deportivo Riestra,0,0,,,Primera Division - Apertura,2026,zonas,Zona A,Fecha 9,Ciudad de Lanús,https://es.wikipedia.org/wiki/Anexo:Torneo_Apertura_2026_(Argentina)
2026-05-02,16:15,Central Córdoba (SdE),Boca Juniors,1,2,,,Primera Division - Apertura,2026,zonas,Zona A,Fecha 9,Único Madre de Ciudades,https://es.wikipedia.org/wiki/Anexo:Torneo_Apertura_2026_(Argentina)
2026-05-02,18:45,San Lorenzo,Independiente,1,2,,,Primera Division - Apertura,2026,zonas,Zona A,Fecha 9,Nuevo Gasómetro,https://es.wikipedia.org/wiki/Anexo:Torneo_Apertura_2026_(Argentina)
2026-05-02,18:45,Unión,Talleres (C),1,1,,,Primera Division - Apertura,2026,zonas,Zona A,Fecha 9,15 de Abril,https://es.wikipedia.org/wiki/Anexo:Torneo_Apertura_2026_(Argentina)
2026-05-02,21:15,Platense,Estudiantes (LP),0,2,,,Primera Division - Apertura,2026,zonas,Zona A,Fecha 9,Ciudad de Vicente López,https://es.wikipedia.org/wiki/Anexo:Torneo_Apertura_2026_(Argentina)
2026-05-03,13:30,Aldosivi,Independiente Rivadavia,1,1,,,Primera Division - Apertura,2026,zonas,Zona B,Fecha 9,José María Minella,https://es.wikipedia.org/wiki/Anexo:Torneo_Apertura_2026_(Argentina)
2026-05-03,16:00,Belgrano,Sarmiento (J),4,0,,,Primera Division - Apertura,2026,zonas,Zona B,Fecha 9,Gigante de Alberdi,https://es.wikipedia.org/wiki/Anexo:Torneo_Apertura_2026_(Argentina)
2026-05-03,16:00,Gimnasia y Esgrima (LP),Argentinos Juniors,2,0,,,Primera Division - Apertura,2026,zonas,Zona B,Fecha 9,Del Bosque,https://es.wikipedia.org/wiki/Anexo:Torneo_Apertura_2026_(Argentina)
2026-05-03,16:00,Racing Club,Huracán,0,0,,,Primera Division - Apertura,2026,zonas,Zona B,Fecha 9,El Cilindro,https://es.wikipedia.org/wiki/Anexo:Torneo_Apertura_2026_(Argentina)
2026-05-03,16:00,Rosario Central,Tigre,1,1,,,Primera Division - Apertura,2026,zonas,Zona B,Fecha 9,Gigante de Arroyito,https://es.wikipedia.org/wiki/Anexo:Torneo_Apertura_2026_(Argentina)
2026-05-03,18:30,River Plate,Atlético Tucumán,0,1,,,Primera Division - Apertura,2026,zonas,Zona B,Fecha 9,Monumental,https://es.wikipedia.org/wiki/Anexo:Torneo_Apertura_2026_(Argentina)
2026-05-04,17:00,Gimnasia y Esgrima (M),Defensa y Justicia,2,1,,,Primera Division - Apertura,2026,zonas,Zona A,Fecha 9,Víctor Antonio Legrotaglie,https://es.wikipedia.org/wiki/Anexo:Torneo_Apertura_2026_(Argentina)
2026-05-04,19:15,Vélez Sarsfield,Newell's Old Boys,1,1,,,Primera Division - Apertura,2026,zonas,Zona A,Fecha 9,José Amalfitani,https://es.wikipedia.org/wiki/Anexo:Torneo_Apertura_2026_(Argentina)
2026-05-04,21:30,Estudiantes (RC),Instituto,0,2,,,Primera Division - Apertura,2026,zonas,Interzonal,Fecha 9,Antonio Candini,https://es.wikipedia.org/wiki/Anexo:Torneo_Apertura_2026_(Argentina)
2026-05-09,,Argentinos Juniors,Lanús,2,0,,,Primera Division - Apertura,2026,eliminacion,,,Estadio Diego Armando Maradona,https://es.wikipedia.org/wiki/Anexo:Torneo_Apertura_2026_(Argentina)
2026-05-09,,Boca Juniors,Huracán,2,3,,,Primera Division - Apertura,2026,eliminacion,,,Estadio La Bombonera,https://es.wikipedia.org/wiki/Anexo:Torneo_Apertura_2026_(Argentina)
2026-05-09,,Independiente Rivadavia,Unión,1,2,,,Primera Division - Apertura,2026,eliminacion,,,Estadio Bautista Gargantini,https://es.wikipedia.org/wiki/Anexo:Torneo_Apertura_2026_(Argentina)
2026-05-09,,Talleres (C),Belgrano,0,1,,,Primera Division - Apertura,2026,eliminacion,,,Estadio Mario Alberto Kempes,https://es.wikipedia.org/wiki/Anexo:Torneo_Apertura_2026_(Argentina)
2026-05-10,,Estudiantes (LP),Racing Club,0,1,,,Primera Division - Apertura,2026,eliminacion,,,Estadio Jorge Luis Hirschi,https://es.wikipedia.org/wiki/Anexo:Torneo_Apertura_2026_(Argentina)
2026-05-10,,River Plate,San Lorenzo,2,2,4,3,Primera Division - Apertura,2026,eliminacion,,,Estadio Monumental,https://es.wikipedia.org/wiki/Anexo:Torneo_Apertura_2026_(Argentina)
2026-05-10,,Rosario Central,Independiente,3,1,,,Primera Division - Apertura,2026,eliminacion,,,Estadio Gigante de Arroyito,https://es.wikipedia.org/wiki/Anexo:Torneo_Apertura_2026_(Argentina)
2026-05-10,,Vélez Sarsfield,Gimnasia y Esgrima (LP),0,1,,,Primera Division - Apertura,2026,eliminacion,,,Estadio José Amalfitani,https://es.wikipedia.org/wiki/Anexo:Torneo_Apertura_2026_(Argentina)
2026-05-12,,Argentinos Juniors,Huracán,1,0,,,Primera Division - Apertura,2026,eliminacion,,,Estadio Diego Armando Maradona,https://es.wikipedia.org/wiki/Anexo:Torneo_Apertura_2026_(Argentina)
2026-05-12,,Belgrano,Unión,2,0,,,Primera Division - Apertura,2026,eliminacion,,,Estadio Gigante de Alberdi,https://es.wikipedia.org/wiki/Anexo:Torneo_Apertura_2026_(Argentina)
2026-05-13,,River Plate,Gimnasia y Esgrima (LP),2,0,,,Primera Division - Apertura,2026,eliminacion,,,Estadio Monumental,https://es.wikipedia.org/wiki/Anexo:Torneo_Apertura_2026_(Argentina)
2026-05-13,,Rosario Central,Racing Club,2,1,,,Primera Division - Apertura,2026,eliminacion,,,Estadio Gigante de Arroyito,https://es.wikipedia.org/wiki/Anexo:Torneo_Apertura_2026_(Argentina)
2026-05-16,,River Plate,Rosario Central,1,0,,,Primera Division - Apertura,2026,eliminacion,,,Estadio Monumental,https://es.wikipedia.org/wiki/Anexo:Torneo_Apertura_2026_(Argentina)
2026-05-17,,Argentinos Juniors,Belgrano,1,1,3,4,Primera Division - Apertura,2026,eliminacion,,,Estadio Diego Armando Maradona,https://es.wikipedia.org/wiki/Anexo:Torneo_Apertura_2026_(Argentina)
2026-05-24,,River Plate,Belgrano,2,3,,,Primera Division - Apertura,2026,eliminacion,,,Estadio Mario Alberto Kempes,https://es.wikipedia.org/wiki/Anexo:Torneo_Apertura_2026_(Argentina)
2026-07-23,19:30,Belgrano,Rosario Central,2,1,,,Primera Division - Clausura,2026,zonas,Zona B,Fecha 1,Gigante de Alberdi,https://es.wikipedia.org/wiki/Anexo:Torneo_Clausura_2026_(Argentina)
2026-07-23,19:30,Sarmiento (J),Argentinos Juniors,2,3,,,Primera Division - Clausura,2026,zonas,Zona B,Fecha 1,Eva Perón,https://es.wikipedia.org/wiki/Anexo:Torneo_Clausura_2026_(Argentina)
2026-07-23,21:45,Defensa y Justicia,Aldosivi,1,1,,,Primera Division - Clausura,2026,zonas,Interzonal,Fecha 1,Norberto Tomaghello,https://es.wikipedia.org/wiki/Anexo:Torneo_Clausura_2026_(Argentina)
2026-07-24,16:45,Gimnasia y Esgrima (M),Central Córdoba (SdE),1,0,,,Primera Division - Clausura,2026,zonas,Zona A,Fecha 1,Víctor Antonio Legrotaglie,https://es.wikipedia.org/wiki/Anexo:Torneo_Clausura_2026_(Argentina)
2026-07-24,19:00,Racing Club,Gimnasia y Esgrima (LP),2,1,,,Primera Division - Clausura,2026,zonas,Zona B,Fecha 1,El Cilindro,https://es.wikipedia.org/wiki/Anexo:Torneo_Clausura_2026_(Argentina)
2026-07-24,19:00,Vélez Sarsfield,Instituto,1,0,,,Primera Division - Clausura,2026,zonas,Zona A,Fecha 1,José Amalfitani,https://es.wikipedia.org/wiki/Anexo:Torneo_Clausura_2026_(Argentina)
2026-07-24,21:15,Huracán,Banfield,1,0,,,Primera Division - Clausura,2026,zonas,Zona B,Fecha 1,Tomás Adolfo Ducó,https://es.wikipedia.org/wiki/Anexo:Torneo_Clausura_2026_(Argentina)
2026-07-24,21:15,Platense,Unión,2,2,,,Primera Division - Clausura,2026,zonas,Zona A,Fecha 1,Ciudad de Vicente López,https://es.wikipedia.org/wiki/Anexo:Torneo_Clausura_2026_(Argentina)
2026-07-25,14:45,Estudiantes (RC),Tigre,1,0,,,Primera Division - Clausura,2026,zonas,Zona B,Fecha 1,Antonio Candini,https://es.wikipedia.org/wiki/Anexo:Torneo_Clausura_2026_(Argentina)
2026-07-25,17:00,Newell's Old Boys,Talleres (C),1,0,,,Primera Division - Clausura,2026,zonas,Zona A,Fecha 1,Marcelo Bielsa,https://es.wikipedia.org/wiki/Anexo:Torneo_Clausura_2026_(Argentina)
2026-07-25,19:15,River Plate,Barracas Central,0,1,,,Primera Division - Clausura,2026,zonas,Zona B,Fecha 1,Monumental,https://es.wikipedia.org/wiki/Anexo:Torneo_Clausura_2026_(Argentina)
2026-07-25,21:30,Lanús,San Lorenzo,1,0,,,Primera Division - Clausura,2026,zonas,Zona A,Fecha 1,Ciudad de Lanús,https://es.wikipedia.org/wiki/Anexo:Torneo_Clausura_2026_(Argentina)
2026-07-26,15:00,Atlético Tucumán,Independiente Rivadavia,0,0,,,Primera Division - Clausura,2026,zonas,Zona B,Fecha 1,Monumental José Fierro,https://es.wikipedia.org/wiki/Anexo:Torneo_Clausura_2026_(Argentina)
2026-07-26,17:15,Estudiantes (LP),Independiente,0,2,,,Primera Division - Clausura,2026,zonas,Zona A,Fecha 1,Jorge Luis Hirschi,https://es.wikipedia.org/wiki/Anexo:Torneo_Clausura_2026_(Argentina)
2026-07-26,19:00,Deportivo Riestra,Boca Juniors,3,0,,,Primera Division - Clausura,2026,zonas,Zona A,Fecha 1,Guillermo Laza,https://es.wikipedia.org/wiki/Anexo:Torneo_Clausura_2026_(Argentina)
2026-07-28,19:00,Banfield,Sarmiento (J),3,2,,,Primera Division - Clausura,2026,zonas,Zona B,Fecha 2,Florencio Sola,https://es.wikipedia.org/wiki/Anexo:Torneo_Clausura_2026_(Argentina)
2026-07-28,19:00,San Lorenzo,Gimnasia y Esgrima (M),1,0,,,Primera Division - Clausura,2026,zonas,Zona A,Fecha 2,Nuevo Gasómetro,https://es.wikipedia.org/wiki/Anexo:Torneo_Clausura_2026_(Argentina)
2026-07-28,21:15,Argentinos Juniors,Estudiantes (RC),3,0,,,Primera Division - Clausura,2026,zonas,Zona B,Fecha 2,Diego Armando Maradona,https://es.wikipedia.org/wiki/Anexo:Torneo_Clausura_2026_(Argentina)
2026-07-28,21:15,Rosario Central,Racing Club,0,0,,,Primera Division - Clausura,2026,zonas,Zona B,Fecha 2,Gigante de Arroyito,https://es.wikipedia.org/wiki/Anexo:Torneo_Clausura_2026_(Argentina)
2026-07-29,14:30,Barracas Central,Aldosivi,1,0,,,Primera Division - Clausura,2026,zonas,Zona B,Fecha 2,Claudio Chiqui Tapia,https://es.wikipedia.org/wiki/Anexo:Torneo_Clausura_2026_(Argentina)
2026-07-29,17:00,Defensa y Justicia,Deportivo Riestra,2,1,,,Primera Division - Clausura,2026,zonas,Zona A,Fecha 2,Norberto Tomaghello,https://es.wikipedia.org/wiki/Anexo:Torneo_Clausura_2026_(Argentina)
2026-07-29,19:15,Gimnasia y Esgrima (LP),River Plate,1,0,,,Primera Division - Clausura,2026,zonas,Zona B,Fecha 2,Del Bosque,https://es.wikipedia.org/wiki/Anexo:Torneo_Clausura_2026_(Argentina)
2026-07-29,21:30,Instituto,Platense,2,1,,,Primera Division - Clausura,2026,zonas,Zona A,Fecha 2,Monumental Presidente Perón,https://es.wikipedia.org/wiki/Anexo:Torneo_Clausura_2026_(Argentina)
2026-07-30,19:00,Independiente Rivadavia,Huracán,2,1,,,Primera Division - Clausura,2026,zonas,Zona B,Fecha 2,Bautista Gargantini,https://es.wikipedia.org/wiki/Anexo:Torneo_Clausura_2026_(Argentina)
2026-07-30,19:00,Talleres (C),Vélez Sarsfield,1,3,,,Primera Division - Clausura,2026,zonas,Zona A,Fecha 2,Mario Alberto Kempes,https://es.wikipedia.org/wiki/Anexo:Torneo_Clausura_2026_(Argentina)
2026-07-30,21:15,Central Córdoba (SdE),Atlético Tucumán,0,2,,,Primera Division - Clausura,2026,zonas,Interzonal,Fecha 2,Único Madre de Ciudades,https://es.wikipedia.org/wiki/Anexo:Torneo_Clausura_2026_(Argentina)
2026-07-30,21:15,Independiente,Newell's Old Boys,1,0,,,Primera Division - Clausura,2026,zonas,Zona A,Fecha 2,Libertadores de América,https://es.wikipedia.org/wiki/Anexo:Torneo_Clausura_2026_(Argentina)
2026-08-01,15:30,Estudiantes (RC),Banfield,0,0,,,Primera Division - Clausura,2026,zonas,Zona B,Fecha 3,Antonio Candini,https://es.wikipedia.org/wiki/Anexo:Torneo_Clausura_2026_(Argentina)
2026-08-01,15:30,Gimnasia y Esgrima (M),Unión,2,0,,,Primera Division - Clausura,2026,zonas,Zona A,Fecha 3,Víctor Antonio Legrotaglie,https://es.wikipedia.org/wiki/Anexo:Torneo_Clausura_2026_(Argentina)
2026-08-01,18:00,Belgrano,Argentinos Juniors,0,1,,,Primera Division - Clausura,2026,zonas,Zona B,Fecha 3,Gigante de Alberdi,https://es.wikipedia.org/wiki/Anexo:Torneo_Clausura_2026_(Argentina)
2026-08-01,18:00,Estudiantes (LP),Defensa y Justicia,3,0,,,Primera Division - Clausura,2026,zonas,Zona A,Fecha 3,Jorge Luis Hirschi,https://es.wikipedia.org/wiki/Anexo:Torneo_Clausura_2026_(Argentina)
2026-08-01,20:30,Racing Club,Tigre,1,3,,,Primera Division - Clausura,2026,zonas,Zona B,Fecha 3,El Cilindro,https://es.wikipedia.org/wiki/Anexo:Torneo_Clausura_2026_(Argentina)
2026-08-02,14:30,Aldosivi,Gimnasia y Esgrima (LP),1,2,,,Primera Division - Clausura,2026,zonas,Zona B,Fecha 3,José María Minella,https://es.wikipedia.org/wiki/Anexo:Torneo_Clausura_2026_(Argentina)
2026-08-02,14:30,Deportivo Riestra,Barracas Central,0,1,,,Primera Division - Clausura,2026,zonas,Interzonal,Fecha 3,Guillermo Laza,https://es.wikipedia.org/wiki/Anexo:Torneo_Clausura_2026_(Argentina)
2026-08-02,17:00,Newell's Old Boys,Boca Juniors,2,2,,,Primera Division - Clausura,2026,zonas,Zona A,Fecha 3,Marcelo Bielsa,https://es.wikipedia.org/wiki/Anexo:Torneo_Clausura_2026_(Argentina)
2026-08-02,19:15,River Plate,Rosario Central,0,1,,,Primera Division - Clausura,2026,zonas,Zona B,Fecha 3,Monumental,https://es.wikipedia.org/wiki/Anexo:Torneo_Clausura_2026_(Argentina)
2026-08-02,21:30,Lanús,Instituto,0,1,,,Primera Division - Clausura,2026,zonas,Zona A,Fecha 3,Ciudad de Lanús,https://es.wikipedia.org/wiki/Anexo:Torneo_Clausura_2026_(Argentina)
2026-08-03,16:45,Sarmiento (J),Independiente Rivadavia,2,1,,,Primera Division - Clausura,2026,zonas,Zona B,Fecha 3,Eva Perón,https://es.wikipedia.org/wiki/Anexo:Torneo_Clausura_2026_(Argentina)
2026-08-03,19:00,Platense,Talleres (C),0,4,,,Primera Division - Clausura,2026,zonas,Zona A,Fecha 3,Ciudad de Vicente López,https://es.wikipedia.org/wiki/Anexo:Torneo_Clausura_2026_(Argentina)
2026-08-03,19:00,Vélez Sarsfield,Independiente,1,0,,,Primera Division - Clausura,2026,zonas,Zona A,Fecha 3,José Amalfitani,https://es.wikipedia.org/wiki/Anexo:Torneo_Clausura_2026_(Argentina)
2026-08-03,21:15,Central Córdoba (SdE),San Lorenzo,1,0,,,Primera Division - Clausura,2026,zonas,Zona A,Fecha 3,Único Madre de Ciudades,https://es.wikipedia.org/wiki/Anexo:Torneo_Clausura_2026_(Argentina)
2026-08-03,21:15,Huracán,Atlético Tucumán,0,0,,,Primera Division - Clausura,2026,zonas,Zona B,Fecha 3,Tomás Adolfo Ducó,https://es.wikipedia.org/wiki/Anexo:Torneo_Clausura_2026_(Argentina)
2026-08-05,19:00,Boca Juniors,Estudiantes (LP),1,0,,,Primera Division - Clausura,2026,zonas,Zona A,Fecha 2,Tomás Adolfo Ducó,https://es.wikipedia.org/wiki/Anexo:Torneo_Clausura_2026_(Argentina)
2026-08-05,21:15,Tigre,Belgrano,0,0,,,Primera Division - Clausura,2026,zonas,Zona B,Fecha 2,Monumental de Victoria,https://es.wikipedia.org/wiki/Anexo:Torneo_Clausura_2026_(Argentina)
2026-08-06,19:00,Unión,Lanús,2,1,,,Primera Division - Clausura,2026,zonas,Zona A,Fecha 2,15 de Abril,https://es.wikipedia.org/wiki/Anexo:Torneo_Clausura_2026_(Argentina)
2026-08-07,19:30,Rosario Central,Aldosivi,2,1,,,Primera Division - Clausura,2026,zonas,Zona B,Fecha 4,Gigante de Arroyito,https://es.wikipedia.org/wiki/Anexo:Torneo_Clausura_2026_(Argentina)
2026-08-07,21:45,Independiente Rivadavia,Estudiantes (RC),2,1,,,Primera Division - Clausura,2026,zonas,Zona B,Fecha 4,Bautista Gargantini,https://es.wikipedia.org/wiki/Anexo:Torneo_Clausura_2026_(Argentina)
2026-08-08,14:45,Atlético Tucumán,Sarmiento (J),1,2,,,Primera Division - Clausura,2026,zonas,Zona B,Fecha 4,Monumental José Fierro,https://es.wikipedia.org/wiki/Anexo:Torneo_Clausura_2026_(Argentina)
2026-08-08,14:45,Deportivo Riestra,Estudiantes (LP),2,0,,,Primera Division - Clausura,2026,zonas,Zona A,Fecha 4,Guillermo Laza,https://es.wikipedia.org/wiki/Anexo:Torneo_Clausura_2026_(Argentina)
2026-08-08,17:00,Tigre,River Plate,1,0,,,Primera Division - Clausura,2026,zonas,Zona B,Fecha 4,Monumental de Victoria,https://es.wikipedia.org/wiki/Anexo:Torneo_Clausura_2026_(Argentina)
2026-08-08,19:15,Boca Juniors,Vélez Sarsfield,1,1,,,Primera Division - Clausura,2026,zonas,Zona A,Fecha 4,Tomás Adolfo Ducó,https://es.wikipedia.org/wiki/Anexo:Torneo_Clausura_2026_(Argentina)
2026-08-08,21:30,Independiente,Platense,0,1,,,Primera Division - Clausura,2026,zonas,Zona A,Fecha 4,Libertadores de América,https://es.wikipedia.org/wiki/Anexo:Torneo_Clausura_2026_(Argentina)
2026-08-08,21:30,Instituto,Gimnasia y Esgrima (M),1,0,,,Primera Division - Clausura,2026,zonas,Zona A,Fecha 4,Monumental Presidente Perón,https://es.wikipedia.org/wiki/Anexo:Torneo_Clausura_2026_(Argentina)
2026-08-09,15:00,San Lorenzo,Huracán,0,2,,,Primera Division - Clausura,2026,zonas,Interzonal,Fecha 4,Nuevo Gasómetro,https://es.wikipedia.org/wiki/Anexo:Torneo_Clausura_2026_(Argentina)
2026-08-09,17:45,Defensa y Justicia,Newell's Old Boys,2,1,,,Primera Division - Clausura,2026,zonas,Zona A,Fecha 4,Norberto Tomaghello,https://es.wikipedia.org/wiki/Anexo:Torneo_Clausura_2026_(Argentina)
2026-08-09,17:45,Gimnasia y Esgrima (LP),Barracas Central,2,0,,,Primera Division - Clausura,2026,zonas,Zona B,Fecha 4,Del Bosque,https://es.wikipedia.org/wiki/Anexo:Torneo_Clausura_2026_(Argentina)
2026-08-09,20:15,Argentinos Juniors,Racing Club,2,1,,,Primera Division - Clausura,2026,zonas,Zona B,Fecha 4,Diego Armando Maradona,https://es.wikipedia.org/wiki/Anexo:Torneo_Clausura_2026_(Argentina)
2026-08-10,19:00,Banfield,Belgrano,0,2,,,Primera Division - Clausura,2026,zonas,Zona B,Fecha 4,Florencio Sola,https://es.wikipedia.org/wiki/Anexo:Torneo_Clausura_2026_(Argentina)
2026-08-10,21:15,Unión,Central Córdoba (SdE),1,2,,,Primera Division - Clausura,2026,zonas,Zona A,Fecha 4,15 de Abril,https://es.wikipedia.org/wiki/Anexo:Torneo_Clausura_2026_(Argentina)
2026-08-11,21:00,Talleres (C),Lanús,0,3,,,Primera Division - Clausura,2026,zonas,Zona A,Fecha 4,Mario Alberto Kempes,https://es.wikipedia.org/wiki/Anexo:Torneo_Clausura_2026_(Argentina)
