date,time,home_team,away_team,home_score,away_score,home_pens,away_pens,tournament,season,phase,group,matchday,venue,neutral,source
2006-01-27,19:00,Estudiantes (LP),Instituto,4,1,,,Primera Division - Clausura,2006,zonas,,Fecha 1,Centenario,false,https://es.wikipedia.org/wiki/Anexo:Torneo_Clausura_2006_(Argentina)
2006-01-27,21:00,Vélez Sarsfield,San Lorenzo,1,1,,,Primera Division - Clausura,2006,zonas,,Fecha 1,José Amalfitani,false,https://es.wikipedia.org/wiki/Anexo:Torneo_Clausura_2006_(Argentina)
2006-01-28,17:00,Arsenal,Argentinos Juniors,1,1,,,Primera Division - Clausura,2006,zonas,,Fecha 1,El Viaducto,false,https://es.wikipedia.org/wiki/Anexo:Torneo_Clausura_2006_(Argentina)
2006-01-28,17:00,Olimpo,Rosario Central,0,0,,,Primera Division - Clausura,2006,zonas,,Fecha 1,Roberto N. Carminatti,false,https://es.wikipedia.org/wiki/Anexo:Torneo_Clausura_2006_(Argentina)
2006-01-28,18:20,Colón,Gimnasia y Esgrima (LP),1,0,,,Primera Division - Clausura,2006,zonas,,Fecha 1,Brigadier Estanislao López,false,https://es.wikipedia.org/wiki/Anexo:Torneo_Clausura_2006_(Argentina)
2006-01-28,21:00,Newell's Old Boys,Quilmes,2,0,,,Primera Division - Clausura,2006,zonas,,Fecha 1,Coloso del Parque,false,https://es.wikipedia.org/wiki/Anexo:Torneo_Clausura_2006_(Argentina)
2006-01-28,21:10,Banfield,Racing Club,3,0,,,Primera Division - Clausura,2006,zonas,,Fecha 1,Florencio Sola,false,https://es.wikipedia.org/wiki/Anexo:Torneo_Clausura_2006_(Argentina)
2006-01-29,17:00,Gimnasia y Esgrima (J),Boca Juniors,2,1,,,Primera Division - Clausura,2006,zonas,,Fecha 1,23 de Agosto,false,https://es.wikipedia.org/wiki/Anexo:Torneo_Clausura_2006_(Argentina)
2006-01-29,17:00,Independiente,Lanús,0,0,,,Primera Division - Clausura,2006,zonas,,Fecha 1,La Doble Visera,false,https://es.wikipedia.org/wiki/Anexo:Torneo_Clausura_2006_(Argentina)
2006-01-29,19:15,Tiro Federal,River Plate,0,5,,,Primera Division - Clausura,2006,zonas,,Fecha 1,Gigante de Arroyito,false,https://es.wikipedia.org/wiki/Anexo:Torneo_Clausura_2006_(Argentina)
2006-01-31,17:00,Argentinos Juniors,Vélez Sarsfield,0,0,,,Primera Division - Clausura,2006,zonas,,Fecha 2,Diego Armando Maradona,false,https://es.wikipedia.org/wiki/Anexo:Torneo_Clausura_2006_(Argentina)
2006-01-31,19:10,Racing Club,Colón,2,2,,,Primera Division - Clausura,2006,zonas,,Fecha 2,El Cilindro,false,https://es.wikipedia.org/wiki/Anexo:Torneo_Clausura_2006_(Argentina)
2006-01-31,21:00,Quilmes,Banfield,3,1,,,Primera Division - Clausura,2006,zonas,,Fecha 2,Centenario,false,https://es.wikipedia.org/wiki/Anexo:Torneo_Clausura_2006_(Argentina)
2006-01-31,21:15,San Lorenzo,Estudiantes (LP),1,2,,,Primera Division - Clausura,2006,zonas,,Fecha 2,Nuevo Gasómetro,false,https://es.wikipedia.org/wiki/Anexo:Torneo_Clausura_2006_(Argentina)
2006-02-01,17:10,Rosario Central,Boca Juniors,1,2,,,Primera Division - Clausura,2006,zonas,,Fecha 2,Gigante de Arroyito,false,https://es.wikipedia.org/wiki/Anexo:Torneo_Clausura_2006_(Argentina)
2006-02-01,19:30,Instituto,Independiente,0,5,,,Primera Division - Clausura,2006,zonas,,Fecha 2,Juan Domingo Perón,false,https://es.wikipedia.org/wiki/Anexo:Torneo_Clausura_2006_(Argentina)
2006-02-01,20:00,Lanús,Olimpo,2,1,,,Primera Division - Clausura,2006,zonas,,Fecha 2,Ciudad de Lanús,false,https://es.wikipedia.org/wiki/Anexo:Torneo_Clausura_2006_(Argentina)
2006-02-02,21:00,Tiro Federal,Newell's Old Boys,2,1,,,Primera Division - Clausura,2006,zonas,,Fecha 2,Coloso del Parque,false,https://es.wikipedia.org/wiki/Anexo:Torneo_Clausura_2006_(Argentina)
2006-02-03,19:00,Vélez Sarsfield,Gimnasia y Esgrima (LP),2,1,,,Primera Division - Clausura,2006,zonas,,Fecha 3,José Amalfitani,false,https://es.wikipedia.org/wiki/Anexo:Torneo_Clausura_2006_(Argentina)
2006-02-03,21:10,Estudiantes (LP),Argentinos Juniors,2,2,,,Primera Division - Clausura,2006,zonas,,Fecha 3,Centenario,false,https://es.wikipedia.org/wiki/Anexo:Torneo_Clausura_2006_(Argentina)
2006-02-04,18:20,Colón,Quilmes,1,0,,,Primera Division - Clausura,2006,zonas,,Fecha 3,Brigadier Estanislao López,false,https://es.wikipedia.org/wiki/Anexo:Torneo_Clausura_2006_(Argentina)
2006-02-04,21:10,Arsenal,Racing Club,1,0,,,Primera Division - Clausura,2006,zonas,,Fecha 3,El Viaducto,false,https://es.wikipedia.org/wiki/Anexo:Torneo_Clausura_2006_(Argentina)
2006-02-05,17:00,Banfield,Tiro Federal,2,1,,,Primera Division - Clausura,2006,zonas,,Fecha 3,Florencio Sola,false,https://es.wikipedia.org/wiki/Anexo:Torneo_Clausura_2006_(Argentina)
2006-02-05,17:00,Gimnasia y Esgrima (J),Rosario Central,1,0,,,Primera Division - Clausura,2006,zonas,,Fecha 3,23 de Agosto,false,https://es.wikipedia.org/wiki/Anexo:Torneo_Clausura_2006_(Argentina)
2006-02-05,17:00,Independiente,San Lorenzo,1,0,,,Primera Division - Clausura,2006,zonas,,Fecha 3,La Doble Visera,false,https://es.wikipedia.org/wiki/Anexo:Torneo_Clausura_2006_(Argentina)
2006-02-05,17:00,Olimpo,Instituto,2,0,,,Primera Division - Clausura,2006,zonas,,Fecha 3,Roberto N. Carminatti,false,https://es.wikipedia.org/wiki/Anexo:Torneo_Clausura_2006_(Argentina)
2006-02-05,17:10,Newell's Old Boys,River Plate,3,1,,,Primera Division - Clausura,2006,zonas,,Fecha 3,Coloso del Parque,false,https://es.wikipedia.org/wiki/Anexo:Torneo_Clausura_2006_(Argentina)
2006-02-05,19:15,Boca Juniors,Lanús,3,0,,,Primera Division - Clausura,2006,zonas,,Fecha 3,La Bombonera,false,https://es.wikipedia.org/wiki/Anexo:Torneo_Clausura_2006_(Argentina)
2006-02-08,19:00,Gimnasia y Esgrima (LP),Arsenal,0,0,,,Primera Division - Clausura,2006,zonas,,Fecha 2,Ciudad de La Plata,false,https://es.wikipedia.org/wiki/Anexo:Torneo_Clausura_2006_(Argentina)
2006-02-08,20:45,River Plate,Gimnasia y Esgrima (J),2,0,,,Primera Division - Clausura,2006,zonas,,Fecha 2,Monumental,false,https://es.wikipedia.org/wiki/Anexo:Torneo_Clausura_2006_(Argentina)
2006-02-10,19:00,Argentinos Juniors,Independiente,2,1,,,Primera Division - Clausura,2006,zonas,,Fecha 4,Diego Armando Maradona,false,https://es.wikipedia.org/wiki/Anexo:Torneo_Clausura_2006_(Argentina)
2006-02-10,21:10,San Lorenzo,Olimpo,2,0,,,Primera Division - Clausura,2006,zonas,,Fecha 4,Nuevo Gasómetro,false,https://es.wikipedia.org/wiki/Anexo:Torneo_Clausura_2006_(Argentina)
2006-02-11,18:20,Tiro Federal,Colón,0,1,,,Primera Division - Clausura,2006,zonas,,Fecha 4,Coloso del Parque,false,https://es.wikipedia.org/wiki/Anexo:Torneo_Clausura_2006_(Argentina)
2006-02-11,21:10,Racing Club,Vélez Sarsfield,0,2,,,Primera Division - Clausura,2006,zonas,,Fecha 4,El Cilindro,false,https://es.wikipedia.org/wiki/Anexo:Torneo_Clausura_2006_(Argentina)
2006-02-12,17:00,Gimnasia y Esgrima (LP),Estudiantes (LP),1,1,,,Primera Division - Clausura,2006,zonas,,Fecha 4,Ciudad de La Plata,false,https://es.wikipedia.org/wiki/Anexo:Torneo_Clausura_2006_(Argentina)
2006-02-12,17:00,Lanús,Rosario Central,2,0,,,Primera Division - Clausura,2006,zonas,,Fecha 4,Ciudad de Lanús,false,https://es.wikipedia.org/wiki/Anexo:Torneo_Clausura_2006_(Argentina)
2006-02-12,17:00,Quilmes,Arsenal,1,0,,,Primera Division - Clausura,2006,zonas,,Fecha 4,Centenario,false,https://es.wikipedia.org/wiki/Anexo:Torneo_Clausura_2006_(Argentina)
2006-02-12,17:00,River Plate,Banfield,3,1,,,Primera Division - Clausura,2006,zonas,,Fecha 4,Monumental,false,https://es.wikipedia.org/wiki/Anexo:Torneo_Clausura_2006_(Argentina)
2006-02-12,19:00,Newell's Old Boys,Gimnasia y Esgrima (J),3,1,,,Primera Division - Clausura,2006,zonas,,Fecha 4,Coloso del Parque,false,https://es.wikipedia.org/wiki/Anexo:Torneo_Clausura_2006_(Argentina)
2006-02-12,19:15,Instituto,Boca Juniors,1,1,,,Primera Division - Clausura,2006,zonas,,Fecha 4,Chateau Carreras,false,https://es.wikipedia.org/wiki/Anexo:Torneo_Clausura_2006_(Argentina)
2006-02-17,19:00,Estudiantes (LP),Racing Club,2,1,,,Primera Division - Clausura,2006,zonas,,Fecha 5,Centenario,false,https://es.wikipedia.org/wiki/Anexo:Torneo_Clausura_2006_(Argentina)
2006-02-17,21:10,Banfield,Newell's Old Boys,2,2,,,Primera Division - Clausura,2006,zonas,,Fecha 5,Florencio Sola,false,https://es.wikipedia.org/wiki/Anexo:Torneo_Clausura_2006_(Argentina)
2006-02-18,19:00,Vélez Sarsfield,Quilmes,2,0,,,Primera Division - Clausura,2006,zonas,,Fecha 5,José Amalfitani,false,https://es.wikipedia.org/wiki/Anexo:Torneo_Clausura_2006_(Argentina)
2006-02-18,21:10,Independiente,Gimnasia y Esgrima (LP),0,1,,,Primera Division - Clausura,2006,zonas,,Fecha 5,La Doble Visera,false,https://es.wikipedia.org/wiki/Anexo:Torneo_Clausura_2006_(Argentina)
2006-02-19,17:00,Arsenal,Tiro Federal,3,0,,,Primera Division - Clausura,2006,zonas,,Fecha 5,El Viaducto,false,https://es.wikipedia.org/wiki/Anexo:Torneo_Clausura_2006_(Argentina)
2006-02-19,17:00,Gimnasia y Esgrima (J),Lanús,1,0,,,Primera Division - Clausura,2006,zonas,,Fecha 5,23 de Agosto,false,https://es.wikipedia.org/wiki/Anexo:Torneo_Clausura_2006_(Argentina)
2006-02-19,17:00,Olimpo,Argentinos Juniors,4,1,,,Primera Division - Clausura,2006,zonas,,Fecha 5,Roberto N. Carminatti,false,https://es.wikipedia.org/wiki/Anexo:Torneo_Clausura_2006_(Argentina)
2006-02-19,17:00,Rosario Central,Instituto,1,0,,,Primera Division - Clausura,2006,zonas,,Fecha 5,Gigante de Arroyito,false,https://es.wikipedia.org/wiki/Anexo:Torneo_Clausura_2006_(Argentina)
2006-02-19,17:10,Boca Juniors,San Lorenzo,1,2,,,Primera Division - Clausura,2006,zonas,,Fecha 5,La Bombonera,false,https://es.wikipedia.org/wiki/Anexo:Torneo_Clausura_2006_(Argentina)
2006-02-19,19:30,Colón,River Plate,2,2,,,Primera Division - Clausura,2006,zonas,,Fecha 5,Brigadier Estanislao López,false,https://es.wikipedia.org/wiki/Anexo:Torneo_Clausura_2006_(Argentina)
2006-02-24,21:10,Newell's Old Boys,Colón,0,0,,,Primera Division - Clausura,2006,zonas,,Fecha 6,Coloso del Parque,false,https://es.wikipedia.org/wiki/Anexo:Torneo_Clausura_2006_(Argentina)
2006-02-25,16:00,Racing Club,Independiente,0,2,,,Primera Division - Clausura,2006,zonas,,Fecha 6,El Cilindro,false,https://es.wikipedia.org/wiki/Anexo:Torneo_Clausura_2006_(Argentina)
2006-02-25,18:20,Quilmes,Estudiantes (LP),1,0,,,Primera Division - Clausura,2006,zonas,,Fecha 6,Centenario,false,https://es.wikipedia.org/wiki/Anexo:Torneo_Clausura_2006_(Argentina)
2006-02-25,20:00,Gimnasia y Esgrima (LP),Olimpo,3,1,,,Primera Division - Clausura,2006,zonas,,Fecha 6,Ciudad de La Plata,false,https://es.wikipedia.org/wiki/Anexo:Torneo_Clausura_2006_(Argentina)
2006-02-25,21:10,River Plate,Arsenal,3,1,,,Primera Division - Clausura,2006,zonas,,Fecha 6,José Amalfitani,false,https://es.wikipedia.org/wiki/Anexo:Torneo_Clausura_2006_(Argentina)
2006-02-25,21:30,Banfield,Gimnasia y Esgrima (J),2,1,,,Primera Division - Clausura,2006,zonas,,Fecha 6,Florencio Sola,false,https://es.wikipedia.org/wiki/Anexo:Torneo_Clausura_2006_(Argentina)
2006-02-26,17:00,Instituto,Lanús,2,1,,,Primera Division - Clausura,2006,zonas,,Fecha 6,Chateau Carreras,false,https://es.wikipedia.org/wiki/Anexo:Torneo_Clausura_2006_(Argentina)
2006-02-26,17:10,Argentinos Juniors,Boca Juniors,1,2,,,Primera Division - Clausura,2006,zonas,,Fecha 6,Diego Armando Maradona,false,https://es.wikipedia.org/wiki/Anexo:Torneo_Clausura_2006_(Argentina)
2006-02-26,18:00,San Lorenzo,Rosario Central,0,0,,,Primera Division - Clausura,2006,zonas,,Fecha 6,Nuevo Gasómetro,false,https://es.wikipedia.org/wiki/Anexo:Torneo_Clausura_2006_(Argentina)
2006-02-26,19:15,Tiro Federal,Vélez Sarsfield,3,3,,,Primera Division - Clausura,2006,zonas,,Fecha 6,Coloso del Parque,false,https://es.wikipedia.org/wiki/Anexo:Torneo_Clausura_2006_(Argentina)
2006-02-28,17:00,Colón,Banfield,4,2,,,Primera Division - Clausura,2006,zonas,,Fecha 7,Brigadier Estanislao López,false,https://es.wikipedia.org/wiki/Anexo:Torneo_Clausura_2006_(Argentina)
2006-02-28,19:05,Olimpo,Racing Club,3,0,,,Primera Division - Clausura,2006,zonas,,Fecha 7,Roberto N. Carminatti,false,https://es.wikipedia.org/wiki/Anexo:Torneo_Clausura_2006_(Argentina)
2006-02-28,21:15,Independiente,Quilmes,0,0,,,Primera Division - Clausura,2006,zonas,,Fecha 7,La Doble Visera,false,https://es.wikipedia.org/wiki/Anexo:Torneo_Clausura_2006_(Argentina)
2006-03-01,17:30,Estudiantes (LP),Tiro Federal,0,3,,,Primera Division - Clausura,2006,zonas,,Fecha 7,Centenario,false,https://es.wikipedia.org/wiki/Anexo:Torneo_Clausura_2006_(Argentina)
2006-03-01,18:00,Vélez Sarsfield,River Plate,1,1,,,Primera Division - Clausura,2006,zonas,,Fecha 7,José Amalfitani,false,https://es.wikipedia.org/wiki/Anexo:Torneo_Clausura_2006_(Argentina)
2006-03-01,19:00,Arsenal,Newell's Old Boys,0,1,,,Primera Division - Clausura,2006,zonas,,Fecha 7,El Viaducto,false,https://es.wikipedia.org/wiki/Anexo:Torneo_Clausura_2006_(Argentina)
2006-03-01,19:00,Gimnasia y Esgrima (J),Instituto,2,0,,,Primera Division - Clausura,2006,zonas,,Fecha 7,23 de Agosto,false,https://es.wikipedia.org/wiki/Anexo:Torneo_Clausura_2006_(Argentina)
2006-03-01,19:00,Lanús,San Lorenzo,2,0,,,Primera Division - Clausura,2006,zonas,,Fecha 7,Ciudad de Lanús,false,https://es.wikipedia.org/wiki/Anexo:Torneo_Clausura_2006_(Argentina)
2006-03-01,19:00,Rosario Central,Argentinos Juniors,1,1,,,Primera Division - Clausura,2006,zonas,,Fecha 7,Gigante de Arroyito,false,https://es.wikipedia.org/wiki/Anexo:Torneo_Clausura_2006_(Argentina)
2006-03-01,20:00,Boca Juniors,Gimnasia y Esgrima (LP),3,0,,,Primera Division - Clausura,2006,zonas,,Fecha 7,La Bombonera,false,https://es.wikipedia.org/wiki/Anexo:Torneo_Clausura_2006_(Argentina)
2006-03-04,16:30,Tiro Federal,Independiente,0,2,,,Primera Division - Clausura,2006,zonas,,Fecha 8,Gigante de Arroyito,false,https://es.wikipedia.org/wiki/Anexo:Torneo_Clausura_2006_(Argentina)
2006-03-04,19:00,San Lorenzo,Instituto,1,1,,,Primera Division - Clausura,2006,zonas,,Fecha 8,Nuevo Gasómetro,false,https://es.wikipedia.org/wiki/Anexo:Torneo_Clausura_2006_(Argentina)
2006-03-04,21:30,Newell's Old Boys,Vélez Sarsfield,1,0,,,Primera Division - Clausura,2006,zonas,,Fecha 8,Coloso del Parque,false,https://es.wikipedia.org/wiki/Anexo:Torneo_Clausura_2006_(Argentina)
2006-03-05,16:30,Racing Club,Boca Juniors,0,3,,,Primera Division - Clausura,2006,zonas,,Fecha 8,Ciudad de La Plata,false,https://es.wikipedia.org/wiki/Anexo:Torneo_Clausura_2006_(Argentina)
2006-03-05,17:00,Argentinos Juniors,Lanús,1,1,,,Primera Division - Clausura,2006,zonas,,Fecha 8,Diego Armando Maradona,false,https://es.wikipedia.org/wiki/Anexo:Torneo_Clausura_2006_(Argentina)
2006-03-05,17:00,Banfield,Arsenal,0,1,,,Primera Division - Clausura,2006,zonas,,Fecha 8,Florencio Sola,false,https://es.wikipedia.org/wiki/Anexo:Torneo_Clausura_2006_(Argentina)
2006-03-05,17:00,Colón,Gimnasia y Esgrima (J),0,2,,,Primera Division - Clausura,2006,zonas,,Fecha 8,Brigadier Estanislao López,false,https://es.wikipedia.org/wiki/Anexo:Torneo_Clausura_2006_(Argentina)
2006-03-05,17:00,Quilmes,Olimpo,1,1,,,Primera Division - Clausura,2006,zonas,,Fecha 8,Centenario,false,https://es.wikipedia.org/wiki/Anexo:Torneo_Clausura_2006_(Argentina)
2006-03-05,19:20,River Plate,Estudiantes (LP),3,1,,,Primera Division - Clausura,2006,zonas,,Fecha 8,Monumental,false,https://es.wikipedia.org/wiki/Anexo:Torneo_Clausura_2006_(Argentina)
2006-03-06,20:00,Gimnasia y Esgrima (LP),Rosario Central,3,0,,,Primera Division - Clausura,2006,zonas,,Fecha 8,Ciudad de La Plata,false,https://es.wikipedia.org/wiki/Anexo:Torneo_Clausura_2006_(Argentina)
2006-03-10,21:10,Gimnasia y Esgrima (J),San Lorenzo,0,1,,,Primera Division - Clausura,2006,zonas,,Fecha 9,23 de Agosto,false,https://es.wikipedia.org/wiki/Anexo:Torneo_Clausura_2006_(Argentina)
2006-03-11,16:30,Rosario Central,Racing Club,1,1,,,Primera Division - Clausura,2006,zonas,,Fecha 9,Gigante de Arroyito,false,https://es.wikipedia.org/wiki/Anexo:Torneo_Clausura_2006_(Argentina)
2006-03-11,18:20,Arsenal,Colón,1,1,,,Primera Division - Clausura,2006,zonas,,Fecha 9,El Viaducto,false,https://es.wikipedia.org/wiki/Anexo:Torneo_Clausura_2006_(Argentina)
2006-03-11,21:00,Lanús,Gimnasia y Esgrima (LP),2,1,,,Primera Division - Clausura,2006,zonas,,Fecha 9,Ciudad de Lanús,false,https://es.wikipedia.org/wiki/Anexo:Torneo_Clausura_2006_(Argentina)
2006-03-11,21:10,Vélez Sarsfield,Banfield,1,0,,,Primera Division - Clausura,2006,zonas,,Fecha 9,José Amalfitani,false,https://es.wikipedia.org/wiki/Anexo:Torneo_Clausura_2006_(Argentina)
2006-03-12,15:00,Estudiantes (LP),Newell's Old Boys,2,1,,,Primera Division - Clausura,2006,zonas,,Fecha 9,Centenario,false,https://es.wikipedia.org/wiki/Anexo:Torneo_Clausura_2006_(Argentina)
2006-03-12,17:00,Instituto,Argentinos Juniors,0,1,,,Primera Division - Clausura,2006,zonas,,Fecha 9,Chateau Carreras,false,https://es.wikipedia.org/wiki/Anexo:Torneo_Clausura_2006_(Argentina)
2006-03-12,17:00,Olimpo,Tiro Federal,3,0,,,Primera Division - Clausura,2006,zonas,,Fecha 9,Roberto N. Carminatti,false,https://es.wikipedia.org/wiki/Anexo:Torneo_Clausura_2006_(Argentina)
2006-03-12,17:10,Independiente,River Plate,1,1,,,Primera Division - Clausura,2006,zonas,,Fecha 9,La Doble Visera,false,https://es.wikipedia.org/wiki/Anexo:Torneo_Clausura_2006_(Argentina)
2006-03-12,19:20,Boca Juniors,Quilmes,3,1,,,Primera Division - Clausura,2006,zonas,,Fecha 9,La Bombonera,false,https://es.wikipedia.org/wiki/Anexo:Torneo_Clausura_2006_(Argentina)
2006-03-17,19:10,Argentinos Juniors,San Lorenzo,0,1,,,Primera Division - Clausura,2006,zonas,,Fecha 10,Diego Armando Maradona,false,https://es.wikipedia.org/wiki/Anexo:Torneo_Clausura_2006_(Argentina)
2006-03-17,21:10,Banfield,Estudiantes (LP),1,0,,,Primera Division - Clausura,2006,zonas,,Fecha 10,Florencio Sola,false,https://es.wikipedia.org/wiki/Anexo:Torneo_Clausura_2006_(Argentina)
2006-03-18,18:20,Colón,Vélez Sarsfield,0,3,,,Primera Division - Clausura,2006,zonas,,Fecha 10,Brigadier Estanislao López,false,https://es.wikipedia.org/wiki/Anexo:Torneo_Clausura_2006_(Argentina)
2006-03-18,21:10,Newell's Old Boys,Independiente,2,0,,,Primera Division - Clausura,2006,zonas,,Fecha 10,Coloso del Parque,false,https://es.wikipedia.org/wiki/Anexo:Torneo_Clausura_2006_(Argentina)
2006-03-19,14:00,Racing Club,Lanús,0,0,,,Primera Division - Clausura,2006,zonas,,Fecha 10,El Cilindro,false,https://es.wikipedia.org/wiki/Anexo:Torneo_Clausura_2006_(Argentina)
2006-03-19,16:00,Gimnasia y Esgrima (LP),Instituto,2,0,,,Primera Division - Clausura,2006,zonas,,Fecha 10,Ciudad de La Plata,false,https://es.wikipedia.org/wiki/Anexo:Torneo_Clausura_2006_(Argentina)
2006-03-19,16:00,Quilmes,Rosario Central,1,1,,,Primera Division - Clausura,2006,zonas,,Fecha 10,Centenario,false,https://es.wikipedia.org/wiki/Anexo:Torneo_Clausura_2006_(Argentina)
2006-03-19,16:10,Tiro Federal,Boca Juniors,0,0,,,Primera Division - Clausura,2006,zonas,,Fecha 10,Coloso del Parque,false,https://es.wikipedia.org/wiki/Anexo:Torneo_Clausura_2006_(Argentina)
2006-03-19,18:00,Arsenal,Gimnasia y Esgrima (J),2,5,,,Primera Division - Clausura,2006,zonas,,Fecha 10,El Viaducto,false,https://es.wikipedia.org/wiki/Anexo:Torneo_Clausura_2006_(Argentina)
2006-03-19,18:30,River Plate,Olimpo,3,0,,,Primera Division - Clausura,2006,zonas,,Fecha 10,Monumental,false,https://es.wikipedia.org/wiki/Anexo:Torneo_Clausura_2006_(Argentina)
2006-03-24,19:00,San Lorenzo,Gimnasia y Esgrima (LP),2,2,,,Primera Division - Clausura,2006,zonas,,Fecha 11,Nuevo Gasómetro,false,https://es.wikipedia.org/wiki/Anexo:Torneo_Clausura_2006_(Argentina)
2006-03-24,21:10,Instituto,Racing Club,1,0,,,Primera Division - Clausura,2006,zonas,,Fecha 11,Chateau Carreras,false,https://es.wikipedia.org/wiki/Anexo:Torneo_Clausura_2006_(Argentina)
2006-03-25,18:20,Gimnasia y Esgrima (J),Argentinos Juniors,3,1,,,Primera Division - Clausura,2006,zonas,,Fecha 11,23 de Agosto,false,https://es.wikipedia.org/wiki/Anexo:Torneo_Clausura_2006_(Argentina)
2006-03-25,18:30,Lanús,Quilmes,2,0,,,Primera Division - Clausura,2006,zonas,,Fecha 11,Ciudad de Lanús,false,https://es.wikipedia.org/wiki/Anexo:Torneo_Clausura_2006_(Argentina)
2006-03-25,21:10,Vélez Sarsfield,Arsenal,0,0,,,Primera Division - Clausura,2006,zonas,,Fecha 11,José Amalfitani,false,https://es.wikipedia.org/wiki/Anexo:Torneo_Clausura_2006_(Argentina)
2006-03-26,14:00,Estudiantes (LP),Colón,1,2,,,Primera Division - Clausura,2006,zonas,,Fecha 11,Centenario,false,https://es.wikipedia.org/wiki/Anexo:Torneo_Clausura_2006_(Argentina)
2006-03-26,16:00,Olimpo,Newell's Old Boys,0,2,,,Primera Division - Clausura,2006,zonas,,Fecha 11,Roberto N. Carminatti,false,https://es.wikipedia.org/wiki/Anexo:Torneo_Clausura_2006_(Argentina)
2006-03-26,16:00,Rosario Central,Tiro Federal,3,0,,,Primera Division - Clausura,2006,zonas,,Fecha 11,Gigante de Arroyito,false,https://es.wikipedia.org/wiki/Anexo:Torneo_Clausura_2006_(Argentina)
2006-03-26,16:20,Boca Juniors,River Plate,1,1,,,Primera Division - Clausura,2006,zonas,,Fecha 11,La Bombonera,false,https://es.wikipedia.org/wiki/Anexo:Torneo_Clausura_2006_(Argentina)
2006-03-26,19:10,Independiente,Banfield,1,2,,,Primera Division - Clausura,2006,zonas,,Fecha 11,La Doble Visera,false,https://es.wikipedia.org/wiki/Anexo:Torneo_Clausura_2006_(Argentina)
2006-03-28,16:30,Gimnasia y Esgrima (LP),Argentinos Juniors,4,3,,,Primera Division - Clausura,2006,zonas,,Fecha 12,Ciudad de La Plata,false,https://es.wikipedia.org/wiki/Anexo:Torneo_Clausura_2006_(Argentina)
2006-03-28,19:05,Vélez Sarsfield,Gimnasia y Esgrima (J),0,0,,,Primera Division - Clausura,2006,zonas,,Fecha 12,José Amalfitani,false,https://es.wikipedia.org/wiki/Anexo:Torneo_Clausura_2006_(Argentina)
2006-03-28,20:00,Quilmes,Instituto,3,1,,,Primera Division - Clausura,2006,zonas,,Fecha 12,Centenario,false,https://es.wikipedia.org/wiki/Anexo:Torneo_Clausura_2006_(Argentina)
2006-03-28,21:15,Racing Club,San Lorenzo,1,0,,,Primera Division - Clausura,2006,zonas,,Fecha 12,El Cilindro,false,https://es.wikipedia.org/wiki/Anexo:Torneo_Clausura_2006_(Argentina)
2006-03-29,14:00,Tiro Federal,Lanús,0,1,,,Primera Division - Clausura,2006,zonas,,Fecha 12,Gigante de Arroyito,false,https://es.wikipedia.org/wiki/Anexo:Torneo_Clausura_2006_(Argentina)
2006-03-29,15:00,Colón,Independiente,1,1,,,Primera Division - Clausura,2006,zonas,,Fecha 12,Brigadier Estanislao López,false,https://es.wikipedia.org/wiki/Anexo:Torneo_Clausura_2006_(Argentina)
2006-03-29,17:00,River Plate,Rosario Central,2,0,,,Primera Division - Clausura,2006,zonas,,Fecha 12,Monumental,false,https://es.wikipedia.org/wiki/Anexo:Torneo_Clausura_2006_(Argentina)
2006-03-29,19:05,Arsenal,Estudiantes (LP),1,2,,,Primera Division - Clausura,2006,zonas,,Fecha 12,El Viaducto,false,https://es.wikipedia.org/wiki/Anexo:Torneo_Clausura_2006_(Argentina)
2006-03-29,19:05,Banfield,Olimpo,0,1,,,Primera Division - Clausura,2006,zonas,,Fecha 12,Florencio Sola,false,https://es.wikipedia.org/wiki/Anexo:Torneo_Clausura_2006_(Argentina)
2006-03-29,19:10,Newell's Old Boys,Boca Juniors,1,1,,,Primera Division - Clausura,2006,zonas,,Fecha 12,Coloso del Parque,false,https://es.wikipedia.org/wiki/Anexo:Torneo_Clausura_2006_(Argentina)
2006-04-01,17:00,Estudiantes (LP),Vélez Sarsfield,1,1,,,Primera Division - Clausura,2006,zonas,,Fecha 13,Centenario,false,https://es.wikipedia.org/wiki/Anexo:Torneo_Clausura_2006_(Argentina)
2006-04-01,19:10,San Lorenzo,Quilmes,0,0,,,Primera Division - Clausura,2006,zonas,,Fecha 13,Nuevo Gasómetro,false,https://es.wikipedia.org/wiki/Anexo:Torneo_Clausura_2006_(Argentina)
2006-04-01,21:20,Independiente,Arsenal,0,2,,,Primera Division - Clausura,2006,zonas,,Fecha 13,La Doble Visera,false,https://es.wikipedia.org/wiki/Anexo:Torneo_Clausura_2006_(Argentina)
2006-04-02,14:00,Rosario Central,Newell's Old Boys,0,0,,,Primera Division - Clausura,2006,zonas,,Fecha 13,Gigante de Arroyito,false,https://es.wikipedia.org/wiki/Anexo:Torneo_Clausura_2006_(Argentina)
2006-04-02,16:00,Argentinos Juniors,Racing Club,2,0,,,Primera Division - Clausura,2006,zonas,,Fecha 13,Diego Armando Maradona,false,https://es.wikipedia.org/wiki/Anexo:Torneo_Clausura_2006_(Argentina)
2006-04-02,16:00,Gimnasia y Esgrima (J),Gimnasia y Esgrima (LP),0,0,,,Primera Division - Clausura,2006,zonas,,Fecha 13,23 de Agosto,false,https://es.wikipedia.org/wiki/Anexo:Torneo_Clausura_2006_(Argentina)
2006-04-02,16:00,Instituto,Tiro Federal,3,4,,,Primera Division - Clausura,2006,zonas,,Fecha 13,Chateau Carreras,false,https://es.wikipedia.org/wiki/Anexo:Torneo_Clausura_2006_(Argentina)
2006-04-02,16:00,Olimpo,Colón,1,0,,,Primera Division - Clausura,2006,zonas,,Fecha 13,Roberto N. Carminatti,false,https://es.wikipedia.org/wiki/Anexo:Torneo_Clausura_2006_(Argentina)
2006-04-02,16:25,Boca Juniors,Banfield,2,1,,,Primera Division - Clausura,2006,zonas,,Fecha 13,La Bombonera,false,https://es.wikipedia.org/wiki/Anexo:Torneo_Clausura_2006_(Argentina)
2006-04-02,18:40,Lanús,River Plate,4,1,,,Primera Division - Clausura,2006,zonas,,Fecha 13,Ciudad de Lanús,false,https://es.wikipedia.org/wiki/Anexo:Torneo_Clausura_2006_(Argentina)
2006-04-07,21:10,Newell's Old Boys,Lanús,1,2,,,Primera Division - Clausura,2006,zonas,,Fecha 14,Coloso del Parque,false,https://es.wikipedia.org/wiki/Anexo:Torneo_Clausura_2006_(Argentina)
2006-04-08,15:30,Estudiantes (LP),Gimnasia y Esgrima (J),0,4,,,Primera Division - Clausura,2006,zonas,,Fecha 14,Centenario,false,https://es.wikipedia.org/wiki/Anexo:Torneo_Clausura_2006_(Argentina)
2006-04-08,16:00,Arsenal,Olimpo,0,0,,,Primera Division - Clausura,2006,zonas,,Fecha 14,El Viaducto,false,https://es.wikipedia.org/wiki/Anexo:Torneo_Clausura_2006_(Argentina)
2006-04-08,18:20,Tiro Federal,San Lorenzo,0,1,,,Primera Division - Clausura,2006,zonas,,Fecha 14,Coloso del Parque,false,https://es.wikipedia.org/wiki/Anexo:Torneo_Clausura_2006_(Argentina)
2006-04-08,21:10,Vélez Sarsfield,Independiente,0,2,,,Primera Division - Clausura,2006,zonas,,Fecha 14,José Amalfitani,false,https://es.wikipedia.org/wiki/Anexo:Torneo_Clausura_2006_(Argentina)
2006-04-09,14:00,Racing Club,Gimnasia y Esgrima (LP),0,1,,,Primera Division - Clausura,2006,zonas,,Fecha 14,El Cilindro,false,https://es.wikipedia.org/wiki/Anexo:Torneo_Clausura_2006_(Argentina)
2006-04-09,15:30,Banfield,Rosario Central,2,0,,,Primera Division - Clausura,2006,zonas,,Fecha 14,Florencio Sola,false,https://es.wikipedia.org/wiki/Anexo:Torneo_Clausura_2006_(Argentina)
2006-04-09,15:30,Quilmes,Argentinos Juniors,2,1,,,Primera Division - Clausura,2006,zonas,,Fecha 14,Centenario,false,https://es.wikipedia.org/wiki/Anexo:Torneo_Clausura_2006_(Argentina)
2006-04-09,16:10,River Plate,Instituto,3,1,,,Primera Division - Clausura,2006,zonas,,Fecha 14,Monumental,false,https://es.wikipedia.org/wiki/Anexo:Torneo_Clausura_2006_(Argentina)
2006-04-09,18:30,Colón,Boca Juniors,1,2,,,Primera Division - Clausura,2006,zonas,,Fecha 14,Brigadier Estanislao López,false,https://es.wikipedia.org/wiki/Anexo:Torneo_Clausura_2006_(Argentina)
2006-04-14,21:10,Instituto,Newell's Old Boys,1,2,,,Primera Division - Clausura,2006,zonas,,Fecha 15,Juan Domingo Perón,false,https://es.wikipedia.org/wiki/Anexo:Torneo_Clausura_2006_(Argentina)
2006-04-15,15:30,Argentinos Juniors,Tiro Federal,4,0,,,Primera Division - Clausura,2006,zonas,,Fecha 15,Diego Armando Maradona,false,https://es.wikipedia.org/wiki/Anexo:Torneo_Clausura_2006_(Argentina)
2006-04-15,16:10,Lanús,Banfield,0,2,,,Primera Division - Clausura,2006,zonas,,Fecha 15,Ciudad de Lanús,false,https://es.wikipedia.org/wiki/Anexo:Torneo_Clausura_2006_(Argentina)
2006-04-15,21:10,Olimpo,Vélez Sarsfield,2,2,,,Primera Division - Clausura,2006,zonas,,Fecha 15,Roberto N. Carminatti,false,https://es.wikipedia.org/wiki/Anexo:Torneo_Clausura_2006_(Argentina)
2006-04-16,14:00,Gimnasia y Esgrima (J),Racing Club,0,1,,,Primera Division - Clausura,2006,zonas,,Fecha 15,23 de Agosto,false,https://es.wikipedia.org/wiki/Anexo:Torneo_Clausura_2006_(Argentina)
2006-04-16,15:30,Gimnasia y Esgrima (LP),Quilmes,4,0,,,Primera Division - Clausura,2006,zonas,,Fecha 15,Ciudad de La Plata,false,https://es.wikipedia.org/wiki/Anexo:Torneo_Clausura_2006_(Argentina)
2006-04-16,15:30,Independiente,Estudiantes (LP),0,3,,,Primera Division - Clausura,2006,zonas,,Fecha 15,La Doble Visera,false,https://es.wikipedia.org/wiki/Anexo:Torneo_Clausura_2006_(Argentina)
2006-04-16,15:30,Rosario Central,Colón,2,0,,,Primera Division - Clausura,2006,zonas,,Fecha 15,Gigante de Arroyito,false,https://es.wikipedia.org/wiki/Anexo:Torneo_Clausura_2006_(Argentina)
2006-04-16,16:10,San Lorenzo,River Plate,0,0,,,Primera Division - Clausura,2006,zonas,,Fecha 15,Nuevo Gasómetro,false,https://es.wikipedia.org/wiki/Anexo:Torneo_Clausura_2006_(Argentina)
2006-04-16,18:30,Boca Juniors,Arsenal,1,0,,,Primera Division - Clausura,2006,zonas,,Fecha 15,La Bombonera,false,https://es.wikipedia.org/wiki/Anexo:Torneo_Clausura_2006_(Argentina)
2006-04-21,21:10,Independiente,Gimnasia y Esgrima (J),0,0,,,Primera Division - Clausura,2006,zonas,,Fecha 16,La Doble Visera,false,https://es.wikipedia.org/wiki/Anexo:Torneo_Clausura_2006_(Argentina)
2006-04-22,15:30,Estudiantes (LP),Olimpo,2,2,,,Primera Division - Clausura,2006,zonas,,Fecha 16,Centenario,false,https://es.wikipedia.org/wiki/Anexo:Torneo_Clausura_2006_(Argentina)
2006-04-22,18:20,Colón,Lanús,1,3,,,Primera Division - Clausura,2006,zonas,,Fecha 16,Brigadier Estanislao López,false,https://es.wikipedia.org/wiki/Anexo:Torneo_Clausura_2006_(Argentina)
2006-04-22,21:10,Newell's Old Boys,San Lorenzo,1,1,,,Primera Division - Clausura,2006,zonas,,Fecha 16,Coloso del Parque,false,https://es.wikipedia.org/wiki/Anexo:Torneo_Clausura_2006_(Argentina)
2006-04-23,14:00,Quilmes,Racing Club,0,3,,,Primera Division - Clausura,2006,zonas,,Fecha 16,Centenario,false,https://es.wikipedia.org/wiki/Anexo:Torneo_Clausura_2006_(Argentina)
2006-04-23,15:30,Banfield,Instituto,2,0,,,Primera Division - Clausura,2006,zonas,,Fecha 16,Florencio Sola,false,https://es.wikipedia.org/wiki/Anexo:Torneo_Clausura_2006_(Argentina)
2006-04-23,15:30,Tiro Federal,Gimnasia y Esgrima (LP),0,2,,,Primera Division - Clausura,2006,zonas,,Fecha 16,Coloso del Parque,false,https://es.wikipedia.org/wiki/Anexo:Torneo_Clausura_2006_(Argentina)
2006-04-23,16:00,Arsenal,Rosario Central,1,1,,,Primera Division - Clausura,2006,zonas,,Fecha 16,El Viaducto,false,https://es.wikipedia.org/wiki/Anexo:Torneo_Clausura_2006_(Argentina)
2006-04-23,16:10,Vélez Sarsfield,Boca Juniors,0,3,,,Primera Division - Clausura,2006,zonas,,Fecha 16,José Amalfitani,false,https://es.wikipedia.org/wiki/Anexo:Torneo_Clausura_2006_(Argentina)
2006-04-23,18:30,River Plate,Argentinos Juniors,2,2,,,Primera Division - Clausura,2006,zonas,,Fecha 16,Monumental,false,https://es.wikipedia.org/wiki/Anexo:Torneo_Clausura_2006_(Argentina)
2006-04-28,21:10,San Lorenzo,Banfield,1,0,,,Primera Division - Clausura,2006,zonas,,Fecha 17,Nuevo Gasómetro,false,https://es.wikipedia.org/wiki/Anexo:Torneo_Clausura_2006_(Argentina)
2006-04-29,18:20,Olimpo,Independiente,0,2,,,Primera Division - Clausura,2006,zonas,,Fecha 17,Roberto N. Carminatti,false,https://es.wikipedia.org/wiki/Anexo:Torneo_Clausura_2006_(Argentina)
2006-04-29,21:10,Racing Club,Tiro Federal,2,0,,,Primera Division - Clausura,2006,zonas,,Fecha 17,El Cilindro,false,https://es.wikipedia.org/wiki/Anexo:Torneo_Clausura_2006_(Argentina)
2006-04-30,14:00,Rosario Central,Vélez Sarsfield,1,0,,,Primera Division - Clausura,2006,zonas,,Fecha 17,Gigante de Arroyito,false,https://es.wikipedia.org/wiki/Anexo:Torneo_Clausura_2006_(Argentina)
2006-04-30,15:30,Argentinos Juniors,Newell's Old Boys,1,1,,,Primera Division - Clausura,2006,zonas,,Fecha 17,Diego Armando Maradona,false,https://es.wikipedia.org/wiki/Anexo:Torneo_Clausura_2006_(Argentina)
2006-04-30,15:30,Gimnasia y Esgrima (J),Quilmes,2,1,,,Primera Division - Clausura,2006,zonas,,Fecha 17,23 de Agosto,false,https://es.wikipedia.org/wiki/Anexo:Torneo_Clausura_2006_(Argentina)
2006-04-30,15:30,Lanús,Arsenal,3,0,,,Primera Division - Clausura,2006,zonas,,Fecha 17,Ciudad de Lanús,false,https://es.wikipedia.org/wiki/Anexo:Torneo_Clausura_2006_(Argentina)
2006-04-30,16:10,Boca Juniors,Estudiantes (LP),4,0,,,Primera Division - Clausura,2006,zonas,,Fecha 17,La Bombonera,false,https://es.wikipedia.org/wiki/Anexo:Torneo_Clausura_2006_(Argentina)
2006-04-30,18:30,Gimnasia y Esgrima (LP),River Plate,3,3,,,Primera Division - Clausura,2006,zonas,,Fecha 17,Ciudad de La Plata,false,https://es.wikipedia.org/wiki/Anexo:Torneo_Clausura_2006_(Argentina)
2006-05-02,15:30,Instituto,Colón,2,1,,,Primera Division - Clausura,2006,zonas,,Fecha 17,Juan Domingo Perón,false,https://es.wikipedia.org/wiki/Anexo:Torneo_Clausura_2006_(Argentina)
2006-05-05,21:10,Banfield,Argentinos Juniors,3,1,,,Primera Division - Clausura,2006,zonas,,Fecha 18,Florencio Sola,false,https://es.wikipedia.org/wiki/Anexo:Torneo_Clausura_2006_(Argentina)
2006-05-06,15:30,Arsenal,Instituto,1,1,,,Primera Division - Clausura,2006,zonas,,Fecha 18,El Viaducto,false,https://es.wikipedia.org/wiki/Anexo:Torneo_Clausura_2006_(Argentina)
2006-05-06,16:10,Newell's Old Boys,Gimnasia y Esgrima (LP),2,3,,,Primera Division - Clausura,2006,zonas,,Fecha 18,Coloso del Parque,false,https://es.wikipedia.org/wiki/Anexo:Torneo_Clausura_2006_(Argentina)
2006-05-06,21:10,Vélez Sarsfield,Lanús,0,0,,,Primera Division - Clausura,2006,zonas,,Fecha 18,José Amalfitani,false,https://es.wikipedia.org/wiki/Anexo:Torneo_Clausura_2006_(Argentina)
2006-05-07,14:00,River Plate,Racing Club,0,2,,,Primera Division - Clausura,2006,zonas,,Fecha 18,Monumental,false,https://es.wikipedia.org/wiki/Anexo:Torneo_Clausura_2006_(Argentina)
2006-05-07,15:30,Olimpo,Gimnasia y Esgrima (J),1,0,,,Primera Division - Clausura,2006,zonas,,Fecha 18,Roberto N. Carminatti,false,https://es.wikipedia.org/wiki/Anexo:Torneo_Clausura_2006_(Argentina)
2006-05-07,15:30,Tiro Federal,Quilmes,1,1,,,Primera Division - Clausura,2006,zonas,,Fecha 18,Coloso del Parque,false,https://es.wikipedia.org/wiki/Anexo:Torneo_Clausura_2006_(Argentina)
2006-05-07,16:10,Independiente,Boca Juniors,0,2,,,Primera Division - Clausura,2006,zonas,,Fecha 18,La Doble Visera,false,https://es.wikipedia.org/wiki/Anexo:Torneo_Clausura_2006_(Argentina)
2006-05-07,18:00,Estudiantes (LP),Rosario Central,1,1,,,Primera Division - Clausura,2006,zonas,,Fecha 18,Centenario,false,https://es.wikipedia.org/wiki/Anexo:Torneo_Clausura_2006_(Argentina)
2006-05-07,19:30,Colón,San Lorenzo,0,1,,,Primera Division - Clausura,2006,zonas,,Fecha 18,Brigadier Estanislao López,false,https://es.wikipedia.org/wiki/Anexo:Torneo_Clausura_2006_(Argentina)
2006-05-12,21:10,Racing Club,Newell's Old Boys,1,1,,,Primera Division - Clausura,2006,zonas,,Fecha 19,El Cilindro,false,https://es.wikipedia.org/wiki/Anexo:Torneo_Clausura_2006_(Argentina)
2006-05-13,18:20,Gimnasia y Esgrima (LP),Banfield,0,2,,,Primera Division - Clausura,2006,zonas,,Fecha 19,Ciudad de La Plata,false,https://es.wikipedia.org/wiki/Anexo:Torneo_Clausura_2006_(Argentina)
2006-05-13,21:10,San Lorenzo,Arsenal,0,2,,,Primera Division - Clausura,2006,zonas,,Fecha 19,Nuevo Gasómetro,false,https://es.wikipedia.org/wiki/Anexo:Torneo_Clausura_2006_(Argentina)
2006-05-14,14:00,Instituto,Vélez Sarsfield,1,1,,,Primera Division - Clausura,2006,zonas,,Fecha 19,Juan Domingo Perón,false,https://es.wikipedia.org/wiki/Anexo:Torneo_Clausura_2006_(Argentina)
2006-05-14,15:30,Argentinos Juniors,Colón,1,0,,,Primera Division - Clausura,2006,zonas,,Fecha 19,Diego Armando Maradona,false,https://es.wikipedia.org/wiki/Anexo:Torneo_Clausura_2006_(Argentina)
2006-05-14,15:30,Gimnasia y Esgrima (J),Tiro Federal,2,1,,,Primera Division - Clausura,2006,zonas,,Fecha 19,23 de Agosto,false,https://es.wikipedia.org/wiki/Anexo:Torneo_Clausura_2006_(Argentina)
2006-05-14,15:30,Lanús,Estudiantes (LP),1,1,,,Primera Division - Clausura,2006,zonas,,Fecha 19,Ciudad de Lanús,false,https://es.wikipedia.org/wiki/Anexo:Torneo_Clausura_2006_(Argentina)
2006-05-14,15:30,Rosario Central,Independiente,2,0,,,Primera Division - Clausura,2006,zonas,,Fecha 19,Gigante de Arroyito,false,https://es.wikipedia.org/wiki/Anexo:Torneo_Clausura_2006_(Argentina)
2006-05-14,16:10,Boca Juniors,Olimpo,2,0,,,Primera Division - Clausura,2006,zonas,,Fecha 19,La Bombonera,false,https://es.wikipedia.org/wiki/Anexo:Torneo_Clausura_2006_(Argentina)
2006-05-14,19:00,Quilmes,River Plate,0,3,,,Primera Division - Clausura,2006,zonas,,Fecha 19,Centenario,false,https://es.wikipedia.org/wiki/Anexo:Torneo_Clausura_2006_(Argentina)
2006-08-04,21:10,Racing Club,Nueva Chicago,2,0,,,Primera Division - Apertura,2006,zonas,,Fecha 1,El Cilindro,false,https://es.wikipedia.org/wiki/Anexo:Torneo_Apertura_2006_(Argentina)
2006-08-05,18:20,Arsenal,Gimnasia y Esgrima (LP),3,1,,,Primera Division - Apertura,2006,zonas,,Fecha 1,El Viaducto,false,https://es.wikipedia.org/wiki/Anexo:Torneo_Apertura_2006_(Argentina)
2006-08-05,21:10,Colón,Independiente,1,4,,,Primera Division - Apertura,2006,zonas,,Fecha 1,Brigadier Estanislao López,false,https://es.wikipedia.org/wiki/Anexo:Torneo_Apertura_2006_(Argentina)
2006-08-06,14:10,Gimnasia y Esgrima (J),San Lorenzo,0,1,,,Primera Division - Apertura,2006,zonas,,Fecha 1,23 de Agosto,false,https://es.wikipedia.org/wiki/Anexo:Torneo_Apertura_2006_(Argentina)
2006-08-06,15:30,Argentinos Juniors,Godoy Cruz,1,0,,,Primera Division - Apertura,2006,zonas,,Fecha 1,Diego Armando Maradona,false,https://es.wikipedia.org/wiki/Anexo:Torneo_Apertura_2006_(Argentina)
2006-08-06,15:30,Newell's Old Boys,Vélez Sarsfield,3,0,,,Primera Division - Apertura,2006,zonas,,Fecha 1,Coloso del Parque,false,https://es.wikipedia.org/wiki/Anexo:Torneo_Apertura_2006_(Argentina)
2006-08-06,15:30,Quilmes,Estudiantes (LP),0,1,,,Primera Division - Apertura,2006,zonas,,Fecha 1,Centenario,false,https://es.wikipedia.org/wiki/Anexo:Torneo_Apertura_2006_(Argentina)
2006-08-06,16:10,Boca Juniors,Banfield,3,0,,,Primera Division - Apertura,2006,zonas,,Fecha 1,La Bombonera,false,https://es.wikipedia.org/wiki/Anexo:Torneo_Apertura_2006_(Argentina)
2006-08-06,18:30,Lanús,River Plate,0,2,,,Primera Division - Apertura,2006,zonas,,Fecha 1,Ciudad de Lanús,false,https://es.wikipedia.org/wiki/Anexo:Torneo_Apertura_2006_(Argentina)
2006-08-06,21:00,Belgrano,Rosario Central,1,0,,,Primera Division - Apertura,2006,zonas,,Fecha 1,Chateau Carreras,false,https://es.wikipedia.org/wiki/Anexo:Torneo_Apertura_2006_(Argentina)
2006-08-11,21:10,Nueva Chicago,Argentinos Juniors,3,2,,,Primera Division - Apertura,2006,zonas,,Fecha 2,Nueva Chicago,false,https://es.wikipedia.org/wiki/Anexo:Torneo_Apertura_2006_(Argentina)
2006-08-12,16:00,Godoy Cruz,Arsenal,2,1,,,Primera Division - Apertura,2006,zonas,,Fecha 2,Malvinas Argentinas,false,https://es.wikipedia.org/wiki/Anexo:Torneo_Apertura_2006_(Argentina)
2006-08-12,16:10,San Lorenzo,Colón,5,0,,,Primera Division - Apertura,2006,zonas,,Fecha 2,Nuevo Gasómetro,false,https://es.wikipedia.org/wiki/Anexo:Torneo_Apertura_2006_(Argentina)
2006-08-12,18:20,Rosario Central,Boca Juniors,1,2,,,Primera Division - Apertura,2006,zonas,,Fecha 2,Gigante de Arroyito,false,https://es.wikipedia.org/wiki/Anexo:Torneo_Apertura_2006_(Argentina)
2006-08-12,21:10,Independiente,Belgrano,3,1,,,Primera Division - Apertura,2006,zonas,,Fecha 2,La Doble Visera,false,https://es.wikipedia.org/wiki/Anexo:Torneo_Apertura_2006_(Argentina)
2006-08-13,14:10,Banfield,Lanús,1,1,,,Primera Division - Apertura,2006,zonas,,Fecha 2,Florencio Sola,false,https://es.wikipedia.org/wiki/Anexo:Torneo_Apertura_2006_(Argentina)
2006-08-13,15:30,Gimnasia y Esgrima (LP),Quilmes,3,2,,,Primera Division - Apertura,2006,zonas,,Fecha 2,Juan Carmelo Zerillo,false,https://es.wikipedia.org/wiki/Anexo:Torneo_Apertura_2006_(Argentina)
2006-08-13,15:30,River Plate,Newell's Old Boys,3,3,,,Primera Division - Apertura,2006,zonas,,Fecha 2,Monumental,false,https://es.wikipedia.org/wiki/Anexo:Torneo_Apertura_2006_(Argentina)
2006-08-13,16:20,Vélez Sarsfield,Racing Club,0,0,,,Primera Division - Apertura,2006,zonas,,Fecha 2,Nuevo Gasómetro,false,https://es.wikipedia.org/wiki/Anexo:Torneo_Apertura_2006_(Argentina)
2006-08-13,17:00,Estudiantes (LP),Gimnasia y Esgrima (J),1,0,,,Primera Division - Apertura,2006,zonas,,Fecha 2,Centenario,false,https://es.wikipedia.org/wiki/Anexo:Torneo_Apertura_2006_(Argentina)
2006-08-18,21:10,Belgrano,San Lorenzo,2,2,,,Primera Division - Apertura,2006,zonas,,Fecha 3,Chateau Carreras,false,https://es.wikipedia.org/wiki/Anexo:Torneo_Apertura_2006_(Argentina)
2006-08-18,21:20,Banfield,Rosario Central,1,1,,,Primera Division - Apertura,2006,zonas,,Fecha 3,Florencio Sola,false,https://es.wikipedia.org/wiki/Anexo:Torneo_Apertura_2006_(Argentina)
2006-08-19,15:10,Arsenal,Nueva Chicago,2,0,,,Primera Division - Apertura,2006,zonas,,Fecha 3,El Viaducto,false,https://es.wikipedia.org/wiki/Anexo:Torneo_Apertura_2006_(Argentina)
2006-08-19,18:10,Boca Juniors,Independiente,1,0,,,Primera Division - Apertura,2006,zonas,,Fecha 3,La Bombonera,false,https://es.wikipedia.org/wiki/Anexo:Torneo_Apertura_2006_(Argentina)
2006-08-20,14:00,Colón,Estudiantes (LP),0,2,,,Primera Division - Apertura,2006,zonas,,Fecha 3,Brigadier Estanislao López,false,https://es.wikipedia.org/wiki/Anexo:Torneo_Apertura_2006_(Argentina)
2006-08-20,15:30,Gimnasia y Esgrima (J),Gimnasia y Esgrima (LP),3,1,,,Primera Division - Apertura,2006,zonas,,Fecha 3,23 de Agosto,false,https://es.wikipedia.org/wiki/Anexo:Torneo_Apertura_2006_(Argentina)
2006-08-20,15:30,Newell's Old Boys,Lanús,0,1,,,Primera Division - Apertura,2006,zonas,,Fecha 3,Coloso del Parque,false,https://es.wikipedia.org/wiki/Anexo:Torneo_Apertura_2006_(Argentina)
2006-08-20,15:30,Quilmes,Godoy Cruz,0,0,,,Primera Division - Apertura,2006,zonas,,Fecha 3,Centenario,false,https://es.wikipedia.org/wiki/Anexo:Torneo_Apertura_2006_(Argentina)
2006-08-20,16:10,Racing Club,River Plate,3,1,,,Primera Division - Apertura,2006,zonas,,Fecha 3,El Cilindro,false,https://es.wikipedia.org/wiki/Anexo:Torneo_Apertura_2006_(Argentina)
2006-08-20,18:30,Argentinos Juniors,Vélez Sarsfield,0,1,,,Primera Division - Apertura,2006,zonas,,Fecha 3,Diego Armando Maradona,false,https://es.wikipedia.org/wiki/Anexo:Torneo_Apertura_2006_(Argentina)
2006-08-25,21:00,Lanús,Rosario Central,1,2,,,Primera Division - Apertura,2006,zonas,,Fecha 4,Ciudad de Lanús,false,https://es.wikipedia.org/wiki/Anexo:Torneo_Apertura_2006_(Argentina)
2006-08-25,21:10,Vélez Sarsfield,Arsenal,0,0,,,Primera Division - Apertura,2006,zonas,,Fecha 4,José Amalfitani,false,https://es.wikipedia.org/wiki/Anexo:Torneo_Apertura_2006_(Argentina)
2006-08-26,16:30,Godoy Cruz,Gimnasia y Esgrima (J),0,0,,,Primera Division - Apertura,2006,zonas,,Fecha 4,Malvinas Argentinas,false,https://es.wikipedia.org/wiki/Anexo:Torneo_Apertura_2006_(Argentina)
2006-08-26,18:20,Nueva Chicago,Quilmes,2,1,,,Primera Division - Apertura,2006,zonas,,Fecha 4,Nueva Chicago,false,https://es.wikipedia.org/wiki/Anexo:Torneo_Apertura_2006_(Argentina)
2006-08-26,21:10,Newell's Old Boys,Racing Club,0,0,,,Primera Division - Apertura,2006,zonas,,Fecha 4,Coloso del Parque,false,https://es.wikipedia.org/wiki/Anexo:Torneo_Apertura_2006_(Argentina)
2006-08-27,14:00,Estudiantes (LP),Belgrano,1,2,,,Primera Division - Apertura,2006,zonas,,Fecha 4,Centenario,false,https://es.wikipedia.org/wiki/Anexo:Torneo_Apertura_2006_(Argentina)
2006-08-27,15:30,Gimnasia y Esgrima (LP),Colón,3,2,,,Primera Division - Apertura,2006,zonas,,Fecha 4,Juan Carmelo Zerillo,false,https://es.wikipedia.org/wiki/Anexo:Torneo_Apertura_2006_(Argentina)
2006-08-27,15:30,Independiente,Banfield,2,1,,,Primera Division - Apertura,2006,zonas,,Fecha 4,La Doble Visera,false,https://es.wikipedia.org/wiki/Anexo:Torneo_Apertura_2006_(Argentina)
2006-08-27,16:10,San Lorenzo,Boca Juniors,1,7,,,Primera Division - Apertura,2006,zonas,,Fecha 4,Nuevo Gasómetro,false,https://es.wikipedia.org/wiki/Anexo:Torneo_Apertura_2006_(Argentina)
2006-08-27,18:30,River Plate,Argentinos Juniors,2,0,,,Primera Division - Apertura,2006,zonas,,Fecha 4,Monumental,false,https://es.wikipedia.org/wiki/Anexo:Torneo_Apertura_2006_(Argentina)
2006-09-01,21:10,Argentinos Juniors,Newell's Old Boys,0,0,,,Primera Division - Apertura,2006,zonas,,Fecha 5,Diego Armando Maradona,false,https://es.wikipedia.org/wiki/Anexo:Torneo_Apertura_2006_(Argentina)
2006-09-02,18:20,Rosario Central,Independiente,2,2,,,Primera Division - Apertura,2006,zonas,,Fecha 5,Gigante de Arroyito,false,https://es.wikipedia.org/wiki/Anexo:Torneo_Apertura_2006_(Argentina)
2006-09-02,21:10,Banfield,San Lorenzo,1,2,,,Primera Division - Apertura,2006,zonas,,Fecha 5,Florencio Sola,false,https://es.wikipedia.org/wiki/Anexo:Torneo_Apertura_2006_(Argentina)
2006-09-03,15:00,Arsenal,River Plate,0,2,,,Primera Division - Apertura,2006,zonas,,Fecha 5,El Viaducto,false,https://es.wikipedia.org/wiki/Anexo:Torneo_Apertura_2006_(Argentina)
2006-09-03,15:30,Colón,Godoy Cruz,2,0,,,Primera Division - Apertura,2006,zonas,,Fecha 5,Brigadier Estanislao López,false,https://es.wikipedia.org/wiki/Anexo:Torneo_Apertura_2006_(Argentina)
2006-09-03,15:30,Gimnasia y Esgrima (J),Nueva Chicago,3,0,,,Primera Division - Apertura,2006,zonas,,Fecha 5,23 de Agosto,false,https://es.wikipedia.org/wiki/Anexo:Torneo_Apertura_2006_(Argentina)
2006-09-03,16:30,Belgrano,Gimnasia y Esgrima (LP),1,0,,,Primera Division - Apertura,2006,zonas,,Fecha 5,Chateau Carreras,false,https://es.wikipedia.org/wiki/Anexo:Torneo_Apertura_2006_(Argentina)
2006-09-03,17:10,Boca Juniors,Estudiantes (LP),2,0,,,Primera Division - Apertura,2006,zonas,,Fecha 5,La Bombonera,false,https://es.wikipedia.org/wiki/Anexo:Torneo_Apertura_2006_(Argentina)
2006-09-03,19:20,Quilmes,Vélez Sarsfield,0,3,,,Primera Division - Apertura,2006,zonas,,Fecha 5,Centenario,false,https://es.wikipedia.org/wiki/Anexo:Torneo_Apertura_2006_(Argentina)
2006-09-03,20:30,Racing Club,Lanús,0,1,,,Primera Division - Apertura,2006,zonas,,Fecha 5,El Cilindro,false,https://es.wikipedia.org/wiki/Anexo:Torneo_Apertura_2006_(Argentina)
2006-09-08,21:00,Estudiantes (LP),Banfield,0,0,,,Primera Division - Apertura,2006,zonas,,Fecha 6,Centenario,false,https://es.wikipedia.org/wiki/Anexo:Torneo_Apertura_2006_(Argentina)
2006-09-08,21:10,San Lorenzo,Rosario Central,3,1,,,Primera Division - Apertura,2006,zonas,,Fecha 6,Nuevo Gasómetro,false,https://es.wikipedia.org/wiki/Anexo:Torneo_Apertura_2006_(Argentina)
2006-09-09,16:30,Godoy Cruz,Belgrano,1,1,,,Primera Division - Apertura,2006,zonas,,Fecha 6,Malvinas Argentinas,false,https://es.wikipedia.org/wiki/Anexo:Torneo_Apertura_2006_(Argentina)
2006-09-09,18:20,Vélez Sarsfield,Gimnasia y Esgrima (J),2,0,,,Primera Division - Apertura,2006,zonas,,Fecha 6,José Amalfitani,false,https://es.wikipedia.org/wiki/Anexo:Torneo_Apertura_2006_(Argentina)
2006-09-09,21:10,Racing Club,Argentinos Juniors,2,3,,,Primera Division - Apertura,2006,zonas,,Fecha 6,El Cilindro,false,https://es.wikipedia.org/wiki/Anexo:Torneo_Apertura_2006_(Argentina)
2006-09-10,14:00,Lanús,Independiente,2,4,,,Primera Division - Apertura,2006,zonas,,Fecha 6,Ciudad de Lanús,false,https://es.wikipedia.org/wiki/Anexo:Torneo_Apertura_2006_(Argentina)
2006-09-10,15:30,Newell's Old Boys,Arsenal,2,2,,,Primera Division - Apertura,2006,zonas,,Fecha 6,Coloso del Parque,false,https://es.wikipedia.org/wiki/Anexo:Torneo_Apertura_2006_(Argentina)
2006-09-10,15:30,Nueva Chicago,Colón,1,0,,,Primera Division - Apertura,2006,zonas,,Fecha 6,Nueva Chicago,false,https://es.wikipedia.org/wiki/Anexo:Torneo_Apertura_2006_(Argentina)
2006-09-10,16:10,River Plate,Quilmes,2,1,,,Primera Division - Apertura,2006,zonas,,Fecha 6,Monumental,false,https://es.wikipedia.org/wiki/Anexo:Torneo_Apertura_2006_(Argentina)
2006-09-10,18:30,Gimnasia y Esgrima (LP),Boca Juniors,1,4,,,Primera Division - Apertura,2006,zonas,,Fecha 6,Juan Carmelo Zerillo,false,https://es.wikipedia.org/wiki/Anexo:Torneo_Apertura_2006_(Argentina)
2006-09-15,21:10,Quilmes,Newell's Old Boys,2,3,,,Primera Division - Apertura,2006,zonas,,Fecha 7,Centenario,false,https://es.wikipedia.org/wiki/Anexo:Torneo_Apertura_2006_(Argentina)
2006-09-16,16:30,Argentinos Juniors,Lanús,1,3,,,Primera Division - Apertura,2006,zonas,,Fecha 7,Diego Armando Maradona,false,https://es.wikipedia.org/wiki/Anexo:Torneo_Apertura_2006_(Argentina)
2006-09-16,18:20,Arsenal,Racing Club,3,2,,,Primera Division - Apertura,2006,zonas,,Fecha 7,El Viaducto,false,https://es.wikipedia.org/wiki/Anexo:Torneo_Apertura_2006_(Argentina)
2006-09-16,21:10,Colón,Vélez Sarsfield,1,0,,,Primera Division - Apertura,2006,zonas,,Fecha 7,Brigadier Estanislao López,false,https://es.wikipedia.org/wiki/Anexo:Torneo_Apertura_2006_(Argentina)
2006-09-17,14:00,Rosario Central,Estudiantes (LP),1,0,,,Primera Division - Apertura,2006,zonas,,Fecha 7,Gigante de Arroyito,false,https://es.wikipedia.org/wiki/Anexo:Torneo_Apertura_2006_(Argentina)
2006-09-17,15:30,Belgrano,Nueva Chicago,1,1,,,Primera Division - Apertura,2006,zonas,,Fecha 7,Chateau Carreras,false,https://es.wikipedia.org/wiki/Anexo:Torneo_Apertura_2006_(Argentina)
2006-09-17,15:30,Boca Juniors,Godoy Cruz,0,0,,,Primera Division - Apertura,2006,zonas,,Fecha 7,La Bombonera,false,https://es.wikipedia.org/wiki/Anexo:Torneo_Apertura_2006_(Argentina)
2006-09-17,16:10,Independiente,San Lorenzo,0,1,,,Primera Division - Apertura,2006,zonas,,Fecha 7,La Doble Visera,false,https://es.wikipedia.org/wiki/Anexo:Torneo_Apertura_2006_(Argentina)
2006-09-17,18:30,Gimnasia y Esgrima (J),River Plate,1,2,,,Primera Division - Apertura,2006,zonas,,Fecha 7,23 de Agosto,false,https://es.wikipedia.org/wiki/Anexo:Torneo_Apertura_2006_(Argentina)
2006-09-17,21:00,Banfield,Gimnasia y Esgrima (LP),0,0,,,Primera Division - Apertura,2006,zonas,,Fecha 7,Florencio Sola,false,https://es.wikipedia.org/wiki/Anexo:Torneo_Apertura_2006_(Argentina)
2006-09-22,21:10,Estudiantes (LP),Independiente,2,1,,,Primera Division - Apertura,2006,zonas,,Fecha 8,Centenario,false,https://es.wikipedia.org/wiki/Anexo:Torneo_Apertura_2006_(Argentina)
2006-09-23,16:00,Argentinos Juniors,Arsenal,1,2,,,Primera Division - Apertura,2006,zonas,,Fecha 8,Diego Armando Maradona,false,https://es.wikipedia.org/wiki/Anexo:Torneo_Apertura_2006_(Argentina)
2006-09-23,18:20,Vélez Sarsfield,Belgrano,2,0,,,Primera Division - Apertura,2006,zonas,,Fecha 8,José Amalfitani,false,https://es.wikipedia.org/wiki/Anexo:Torneo_Apertura_2006_(Argentina)
2006-09-23,21:10,Lanús,San Lorenzo,2,0,,,Primera Division - Apertura,2006,zonas,,Fecha 8,Ciudad de Lanús,false,https://es.wikipedia.org/wiki/Anexo:Torneo_Apertura_2006_(Argentina)
2006-09-24,14:00,Racing Club,Quilmes,1,0,,,Primera Division - Apertura,2006,zonas,,Fecha 8,El Cilindro,false,https://es.wikipedia.org/wiki/Anexo:Torneo_Apertura_2006_(Argentina)
2006-09-24,15:30,Gimnasia y Esgrima (LP),Rosario Central,0,1,,,Primera Division - Apertura,2006,zonas,,Fecha 8,Juan Carmelo Zerillo,false,https://es.wikipedia.org/wiki/Anexo:Torneo_Apertura_2006_(Argentina)
2006-09-24,15:30,Newell's Old Boys,Gimnasia y Esgrima (J),1,0,,,Primera Division - Apertura,2006,zonas,,Fecha 8,Coloso del Parque,false,https://es.wikipedia.org/wiki/Anexo:Torneo_Apertura_2006_(Argentina)
2006-09-24,16:10,Nueva Chicago,Boca Juniors,0,1,,,Primera Division - Apertura,2006,zonas,,Fecha 8,Nueva Chicago,false,https://es.wikipedia.org/wiki/Anexo:Torneo_Apertura_2006_(Argentina)
2006-09-24,17:00,Godoy Cruz,Banfield,1,3,,,Primera Division - Apertura,2006,zonas,,Fecha 8,Malvinas Argentinas,false,https://es.wikipedia.org/wiki/Anexo:Torneo_Apertura_2006_(Argentina)
2006-09-24,18:30,River Plate,Colón,1,1,,,Primera Division - Apertura,2006,zonas,,Fecha 8,Monumental,false,https://es.wikipedia.org/wiki/Anexo:Torneo_Apertura_2006_(Argentina)
2006-09-29,21:10,Colón,Newell's Old Boys,1,1,,,Primera Division - Apertura,2006,zonas,,Fecha 9,Brigadier Estanislao López,false,https://es.wikipedia.org/wiki/Anexo:Torneo_Apertura_2006_(Argentina)
2006-09-30,15:30,Banfield,Nueva Chicago,1,1,,,Primera Division - Apertura,2006,zonas,,Fecha 9,Florencio Sola,false,https://es.wikipedia.org/wiki/Anexo:Torneo_Apertura_2006_(Argentina)
2006-09-30,18:20,Gimnasia y Esgrima (J),Racing Club,0,3,,,Primera Division - Apertura,2006,zonas,,Fecha 9,23 de Agosto,false,https://es.wikipedia.org/wiki/Anexo:Torneo_Apertura_2006_(Argentina)
2006-09-30,21:10,San Lorenzo,Estudiantes (LP),0,1,,,Primera Division - Apertura,2006,zonas,,Fecha 9,Nuevo Gasómetro,false,https://es.wikipedia.org/wiki/Anexo:Torneo_Apertura_2006_(Argentina)
2006-10-01,14:00,Independiente,Gimnasia y Esgrima (LP),3,0,,,Primera Division - Apertura,2006,zonas,,Fecha 9,El Cilindro,false,https://es.wikipedia.org/wiki/Anexo:Torneo_Apertura_2006_(Argentina)
2006-10-01,15:30,Quilmes,Argentinos Juniors,2,2,,,Primera Division - Apertura,2006,zonas,,Fecha 9,Centenario,false,https://es.wikipedia.org/wiki/Anexo:Torneo_Apertura_2006_(Argentina)
2006-10-01,15:30,Rosario Central,Godoy Cruz,1,1,,,Primera Division - Apertura,2006,zonas,,Fecha 9,Gigante de Arroyito,false,https://es.wikipedia.org/wiki/Anexo:Torneo_Apertura_2006_(Argentina)
2006-10-01,16:10,Boca Juniors,Vélez Sarsfield,3,2,,,Primera Division - Apertura,2006,zonas,,Fecha 9,La Bombonera,false,https://es.wikipedia.org/wiki/Anexo:Torneo_Apertura_2006_(Argentina)
2006-10-01,18:30,Belgrano,River Plate,1,1,,,Primera Division - Apertura,2006,zonas,,Fecha 9,Chateau Carreras,false,https://es.wikipedia.org/wiki/Anexo:Torneo_Apertura_2006_(Argentina)
2006-10-01,19:30,Arsenal,Lanús,1,1,,,Primera Division - Apertura,2006,zonas,,Fecha 9,El Viaducto,false,https://es.wikipedia.org/wiki/Anexo:Torneo_Apertura_2006_(Argentina)
2006-10-06,19:10,Gimnasia y Esgrima (LP),San Lorenzo,3,2,,,Primera Division - Apertura,2006,zonas,,Fecha 10,Juan Carmelo Zerillo,false,https://es.wikipedia.org/wiki/Anexo:Torneo_Apertura_2006_(Argentina)
2006-10-06,21:45,Nueva Chicago,Rosario Central,0,3,,,Primera Division - Apertura,2006,zonas,,Fecha 10,Nueva Chicago,false,https://es.wikipedia.org/wiki/Anexo:Torneo_Apertura_2006_(Argentina)
2006-10-07,16:00,Argentinos Juniors,Gimnasia y Esgrima (J),2,1,,,Primera Division - Apertura,2006,zonas,,Fecha 10,Diego Armando Maradona,false,https://es.wikipedia.org/wiki/Anexo:Torneo_Apertura_2006_(Argentina)
2006-10-07,16:00,Arsenal,Quilmes,2,1,,,Primera Division - Apertura,2006,zonas,,Fecha 10,El Viaducto,false,https://es.wikipedia.org/wiki/Anexo:Torneo_Apertura_2006_(Argentina)
2006-10-07,18:20,Godoy Cruz,Independiente,3,1,,,Primera Division - Apertura,2006,zonas,,Fecha 10,Malvinas Argentinas,false,https://es.wikipedia.org/wiki/Anexo:Torneo_Apertura_2006_(Argentina)
2006-10-07,21:00,Lanús,Estudiantes (LP),0,3,,,Primera Division - Apertura,2006,zonas,,Fecha 10,Ciudad de Lanús,false,https://es.wikipedia.org/wiki/Anexo:Torneo_Apertura_2006_(Argentina)
2006-10-07,21:10,Vélez Sarsfield,Banfield,2,2,,,Primera Division - Apertura,2006,zonas,,Fecha 10,José Amalfitani,false,https://es.wikipedia.org/wiki/Anexo:Torneo_Apertura_2006_(Argentina)
2006-10-08,14:00,Racing Club,Colón,2,1,,,Primera Division - Apertura,2006,zonas,,Fecha 10,El Cilindro,false,https://es.wikipedia.org/wiki/Anexo:Torneo_Apertura_2006_(Argentina)
2006-10-08,16:00,Newell's Old Boys,Belgrano,0,1,,,Primera Division - Apertura,2006,zonas,,Fecha 10,Coloso del Parque,false,https://es.wikipedia.org/wiki/Anexo:Torneo_Apertura_2006_(Argentina)
2006-10-08,16:10,River Plate,Boca Juniors,3,1,,,Primera Division - Apertura,2006,zonas,,Fecha 10,Monumental,false,https://es.wikipedia.org/wiki/Anexo:Torneo_Apertura_2006_(Argentina)
2006-10-13,21:10,Rosario Central,Vélez Sarsfield,1,2,,,Primera Division - Apertura,2006,zonas,,Fecha 11,Gigante de Arroyito,false,https://es.wikipedia.org/wiki/Anexo:Torneo_Apertura_2006_(Argentina)
2006-10-14,16:00,Quilmes,Lanús,1,2,,,Primera Division - Apertura,2006,zonas,,Fecha 11,Centenario,false,https://es.wikipedia.org/wiki/Anexo:Torneo_Apertura_2006_(Argentina)
2006-10-14,18:20,Colón,Argentinos Juniors,3,1,,,Primera Division - Apertura,2006,zonas,,Fecha 11,Brigadier Estanislao López,false,https://es.wikipedia.org/wiki/Anexo:Torneo_Apertura_2006_(Argentina)
2006-10-14,21:10,Independiente,Nueva Chicago,3,2,,,Primera Division - Apertura,2006,zonas,,Fecha 11,El Cilindro,false,https://es.wikipedia.org/wiki/Anexo:Torneo_Apertura_2006_(Argentina)
2006-10-15,14:00,Estudiantes (LP),Gimnasia y Esgrima (LP),7,0,,,Primera Division - Apertura,2006,zonas,,Fecha 11,Ciudad de La Plata,false,https://es.wikipedia.org/wiki/Anexo:Torneo_Apertura_2006_(Argentina)
2006-10-15,16:00,Belgrano,Racing Club,0,1,,,Primera Division - Apertura,2006,zonas,,Fecha 11,Chateau Carreras,false,https://es.wikipedia.org/wiki/Anexo:Torneo_Apertura_2006_(Argentina)
2006-10-15,16:00,Gimnasia y Esgrima (J),Arsenal,0,0,,,Primera Division - Apertura,2006,zonas,,Fecha 11,23 de Agosto,false,https://es.wikipedia.org/wiki/Anexo:Torneo_Apertura_2006_(Argentina)
2006-10-15,16:00,San Lorenzo,Godoy Cruz,3,0,,,Primera Division - Apertura,2006,zonas,,Fecha 11,Nuevo Gasómetro,false,https://es.wikipedia.org/wiki/Anexo:Torneo_Apertura_2006_(Argentina)
2006-10-15,16:10,Banfield,River Plate,0,1,,,Primera Division - Apertura,2006,zonas,,Fecha 11,Florencio Sola,false,https://es.wikipedia.org/wiki/Anexo:Torneo_Apertura_2006_(Argentina)
2006-10-15,18:30,Boca Juniors,Newell's Old Boys,3,1,,,Primera Division - Apertura,2006,zonas,,Fecha 11,La Bombonera,false,https://es.wikipedia.org/wiki/Anexo:Torneo_Apertura_2006_(Argentina)
2006-10-20,21:10,Nueva Chicago,San Lorenzo,2,1,,,Primera Division - Apertura,2006,zonas,,Fecha 12,Nueva Chicago,false,https://es.wikipedia.org/wiki/Anexo:Torneo_Apertura_2006_(Argentina)
2006-10-21,18:20,Arsenal,Colón,2,1,,,Primera Division - Apertura,2006,zonas,,Fecha 12,El Viaducto,false,https://es.wikipedia.org/wiki/Anexo:Torneo_Apertura_2006_(Argentina)
2006-10-21,21:10,Vélez Sarsfield,Independiente,2,1,,,Primera Division - Apertura,2006,zonas,,Fecha 12,José Amalfitani,false,https://es.wikipedia.org/wiki/Anexo:Torneo_Apertura_2006_(Argentina)
2006-10-22,14:00,Godoy Cruz,Estudiantes (LP),1,3,,,Primera Division - Apertura,2006,zonas,,Fecha 12,Malvinas Argentinas,false,https://es.wikipedia.org/wiki/Anexo:Torneo_Apertura_2006_(Argentina)
2006-10-22,16:00,Argentinos Juniors,Belgrano,2,1,,,Primera Division - Apertura,2006,zonas,,Fecha 12,Diego Armando Maradona,false,https://es.wikipedia.org/wiki/Anexo:Torneo_Apertura_2006_(Argentina)
2006-10-22,16:00,Newell's Old Boys,Banfield,0,0,,,Primera Division - Apertura,2006,zonas,,Fecha 12,Coloso del Parque,false,https://es.wikipedia.org/wiki/Anexo:Torneo_Apertura_2006_(Argentina)
2006-10-22,16:00,Quilmes,Gimnasia y Esgrima (J),2,0,,,Primera Division - Apertura,2006,zonas,,Fecha 12,Centenario,false,https://es.wikipedia.org/wiki/Anexo:Torneo_Apertura_2006_(Argentina)
2006-10-22,16:10,River Plate,Rosario Central,2,0,,,Primera Division - Apertura,2006,zonas,,Fecha 12,Monumental,false,https://es.wikipedia.org/wiki/Anexo:Torneo_Apertura_2006_(Argentina)
2006-10-22,18:00,Lanús,Gimnasia y Esgrima (LP),0,1,,,Primera Division - Apertura,2006,zonas,,Fecha 12,Ciudad de Lanús,false,https://es.wikipedia.org/wiki/Anexo:Torneo_Apertura_2006_(Argentina)
2006-10-27,21:10,Gimnasia y Esgrima (J),Lanús,2,0,,,Primera Division - Apertura,2006,zonas,,Fecha 13,23 de Agosto,false,https://es.wikipedia.org/wiki/Anexo:Torneo_Apertura_2006_(Argentina)
2006-10-28,18:20,Estudiantes (LP),Nueva Chicago,2,1,,,Primera Division - Apertura,2006,zonas,,Fecha 13,Ciudad de La Plata,false,https://es.wikipedia.org/wiki/Anexo:Torneo_Apertura_2006_(Argentina)
2006-10-28,21:10,San Lorenzo,Vélez Sarsfield,2,2,,,Primera Division - Apertura,2006,zonas,,Fecha 13,Nuevo Gasómetro,false,https://es.wikipedia.org/wiki/Anexo:Torneo_Apertura_2006_(Argentina)
2006-10-29,14:00,Rosario Central,Newell's Old Boys,4,1,,,Primera Division - Apertura,2006,zonas,,Fecha 13,Gigante de Arroyito,false,https://es.wikipedia.org/wiki/Anexo:Torneo_Apertura_2006_(Argentina)
2006-10-29,16:00,Belgrano,Arsenal,0,1,,,Primera Division - Apertura,2006,zonas,,Fecha 13,Chateau Carreras,false,https://es.wikipedia.org/wiki/Anexo:Torneo_Apertura_2006_(Argentina)
2006-10-29,16:10,Independiente,River Plate,0,0,,,Primera Division - Apertura,2006,zonas,,Fecha 13,El Cilindro,false,https://es.wikipedia.org/wiki/Anexo:Torneo_Apertura_2006_(Argentina)
2006-10-29,16:30,Colón,Quilmes,0,0,,,Primera Division - Apertura,2006,zonas,,Fecha 13,Brigadier Estanislao López,false,https://es.wikipedia.org/wiki/Anexo:Torneo_Apertura_2006_(Argentina)
2006-10-29,16:30,Gimnasia y Esgrima (LP),Godoy Cruz,2,1,,,Primera Division - Apertura,2006,zonas,,Fecha 13,Juan Carmelo Zerillo,false,https://es.wikipedia.org/wiki/Anexo:Torneo_Apertura_2006_(Argentina)
2006-10-29,18:30,Boca Juniors,Argentinos Juniors,2,1,,,Primera Division - Apertura,2006,zonas,,Fecha 13,La Bombonera,false,https://es.wikipedia.org/wiki/Anexo:Torneo_Apertura_2006_(Argentina)
2006-11-01,11:00,Racing Club,Boca Juniors,0,0,,,Primera Division - Apertura,2006,zonas,,Fecha 12,El Cilindro,false,https://es.wikipedia.org/wiki/Anexo:Torneo_Apertura_2006_(Argentina)
2006-11-03,21:10,Argentinos Juniors,Banfield,1,1,,,Primera Division - Apertura,2006,zonas,,Fecha 14,Diego Armando Maradona,false,https://es.wikipedia.org/wiki/Anexo:Torneo_Apertura_2006_(Argentina)
2006-11-04,18:20,Racing Club,Rosario Central,1,1,,,Primera Division - Apertura,2006,zonas,,Fecha 14,El Cilindro,false,https://es.wikipedia.org/wiki/Anexo:Torneo_Apertura_2006_(Argentina)
2006-11-04,21:10,Vélez Sarsfield,Estudiantes (LP),0,1,,,Primera Division - Apertura,2006,zonas,,Fecha 14,José Amalfitani,false,https://es.wikipedia.org/wiki/Anexo:Torneo_Apertura_2006_(Argentina)
2006-11-05,14:00,Lanús,Godoy Cruz,3,3,,,Primera Division - Apertura,2006,zonas,,Fecha 14,Ciudad de Lanús,false,https://es.wikipedia.org/wiki/Anexo:Torneo_Apertura_2006_(Argentina)
2006-11-05,14:00,Newell's Old Boys,Independiente,0,1,,,Primera Division - Apertura,2006,zonas,,Fecha 14,Coloso del Parque,false,https://es.wikipedia.org/wiki/Anexo:Torneo_Apertura_2006_(Argentina)
2006-11-05,16:00,Quilmes,Belgrano,2,3,,,Primera Division - Apertura,2006,zonas,,Fecha 14,Centenario,false,https://es.wikipedia.org/wiki/Anexo:Torneo_Apertura_2006_(Argentina)
2006-11-05,16:10,River Plate,San Lorenzo,5,0,,,Primera Division - Apertura,2006,zonas,,Fecha 14,Monumental,false,https://es.wikipedia.org/wiki/Anexo:Torneo_Apertura_2006_(Argentina)
2006-11-05,16:30,Gimnasia y Esgrima (J),Colón,2,0,,,Primera Division - Apertura,2006,zonas,,Fecha 14,23 de Agosto,false,https://es.wikipedia.org/wiki/Anexo:Torneo_Apertura_2006_(Argentina)
2006-11-05,16:30,Nueva Chicago,Gimnasia y Esgrima (LP),2,2,,,Primera Division - Apertura,2006,zonas,,Fecha 14,Nueva Chicago,false,https://es.wikipedia.org/wiki/Anexo:Torneo_Apertura_2006_(Argentina)
2006-11-05,18:30,Arsenal,Boca Juniors,1,2,,,Primera Division - Apertura,2006,zonas,,Fecha 14,El Viaducto,false,https://es.wikipedia.org/wiki/Anexo:Torneo_Apertura_2006_(Argentina)
2006-11-08,21:00,Banfield,Racing Club,3,2,,,Primera Division - Apertura,2006,zonas,,Fecha 13,Florencio Sola,false,https://es.wikipedia.org/wiki/Anexo:Torneo_Apertura_2006_(Argentina)
2006-11-11,18:20,Banfield,Arsenal,1,2,,,Primera Division - Apertura,2006,zonas,,Fecha 15,Florencio Sola,false,https://es.wikipedia.org/wiki/Anexo:Torneo_Apertura_2006_(Argentina)
2006-11-11,21:10,Estudiantes (LP),River Plate,3,1,,,Primera Division - Apertura,2006,zonas,,Fecha 15,Ciudad de La Plata,false,https://es.wikipedia.org/wiki/Anexo:Torneo_Apertura_2006_(Argentina)
2006-11-12,15:00,Gimnasia y Esgrima (LP),Vélez Sarsfield,0,3,,,Primera Division - Apertura,2006,zonas,,Fecha 15,Juan Carmelo Zerillo,false,https://es.wikipedia.org/wiki/Anexo:Torneo_Apertura_2006_(Argentina)
2006-11-12,16:30,Belgrano,Gimnasia y Esgrima (J),0,1,,,Primera Division - Apertura,2006,zonas,,Fecha 15,Chateau Carreras,false,https://es.wikipedia.org/wiki/Anexo:Torneo_Apertura_2006_(Argentina)
2006-11-12,16:30,Colón,Lanús,1,3,,,Primera Division - Apertura,2006,zonas,,Fecha 15,Brigadier Estanislao López,false,https://es.wikipedia.org/wiki/Anexo:Torneo_Apertura_2006_(Argentina)
2006-11-12,16:30,Rosario Central,Argentinos Juniors,2,1,,,Primera Division - Apertura,2006,zonas,,Fecha 15,Gigante de Arroyito,false,https://es.wikipedia.org/wiki/Anexo:Torneo_Apertura_2006_(Argentina)
2006-11-12,17:00,Godoy Cruz,Nueva Chicago,4,0,,,Primera Division - Apertura,2006,zonas,,Fecha 15,Malvinas Argentinas,false,https://es.wikipedia.org/wiki/Anexo:Torneo_Apertura_2006_(Argentina)
2006-11-12,17:10,Independiente,Racing Club,2,0,,,Primera Division - Apertura,2006,zonas,,Fecha 15,La Doble Visera,false,https://es.wikipedia.org/wiki/Anexo:Torneo_Apertura_2006_(Argentina)
2006-11-12,18:30,Boca Juniors,Quilmes,3,1,,,Primera Division - Apertura,2006,zonas,,Fecha 15,La Bombonera,false,https://es.wikipedia.org/wiki/Anexo:Torneo_Apertura_2006_(Argentina)
2006-11-12,19:30,San Lorenzo,Newell's Old Boys,2,1,,,Primera Division - Apertura,2006,zonas,,Fecha 15,Nuevo Gasómetro,false,https://es.wikipedia.org/wiki/Anexo:Torneo_Apertura_2006_(Argentina)
2006-11-17,21:10,Argentinos Juniors,Independiente,2,0,,,Primera Division - Apertura,2006,zonas,,Fecha 16,Diego Armando Maradona,false,https://es.wikipedia.org/wiki/Anexo:Torneo_Apertura_2006_(Argentina)
2006-11-18,16:30,Arsenal,Rosario Central,1,0,,,Primera Division - Apertura,2006,zonas,,Fecha 16,El Viaducto,false,https://es.wikipedia.org/wiki/Anexo:Torneo_Apertura_2006_(Argentina)
2006-11-18,18:20,Vélez Sarsfield,Godoy Cruz,2,0,,,Primera Division - Apertura,2006,zonas,,Fecha 16,José Amalfitani,false,https://es.wikipedia.org/wiki/Anexo:Torneo_Apertura_2006_(Argentina)
2006-11-18,21:00,Lanús,Nueva Chicago,1,0,,,Primera Division - Apertura,2006,zonas,,Fecha 16,Ciudad de Lanús,false,https://es.wikipedia.org/wiki/Anexo:Torneo_Apertura_2006_(Argentina)
2006-11-18,21:10,Newell's Old Boys,Estudiantes (LP),1,2,,,Primera Division - Apertura,2006,zonas,,Fecha 16,Coloso del Parque,false,https://es.wikipedia.org/wiki/Anexo:Torneo_Apertura_2006_(Argentina)
2006-11-19,16:40,Quilmes,Banfield,1,2,,,Primera Division - Apertura,2006,zonas,,Fecha 16,Centenario,false,https://es.wikipedia.org/wiki/Anexo:Torneo_Apertura_2006_(Argentina)
2006-11-19,16:45,Colón,Belgrano,2,0,,,Primera Division - Apertura,2006,zonas,,Fecha 16,Brigadier Estanislao López,false,https://es.wikipedia.org/wiki/Anexo:Torneo_Apertura_2006_(Argentina)
2006-11-19,17:10,River Plate,Gimnasia y Esgrima (LP),2,0,,,Primera Division - Apertura,2006,zonas,,Fecha 16,Monumental,false,https://es.wikipedia.org/wiki/Anexo:Torneo_Apertura_2006_(Argentina)
2006-11-19,19:30,Gimnasia y Esgrima (J),Boca Juniors,1,2,,,Primera Division - Apertura,2006,zonas,,Fecha 16,23 de Agosto,false,https://es.wikipedia.org/wiki/Anexo:Torneo_Apertura_2006_(Argentina)
2006-11-24,19:00,Rosario Central,Quilmes,4,2,,,Primera Division - Apertura,2006,zonas,,Fecha 17,Gigante de Arroyito,false,https://es.wikipedia.org/wiki/Anexo:Torneo_Apertura_2006_(Argentina)
2006-11-24,21:10,San Lorenzo,Argentinos Juniors,0,0,,,Primera Division - Apertura,2006,zonas,,Fecha 17,Nuevo Gasómetro,false,https://es.wikipedia.org/wiki/Anexo:Torneo_Apertura_2006_(Argentina)
2006-11-25,16:10,Nueva Chicago,Vélez Sarsfield,1,1,,,Primera Division - Apertura,2006,zonas,,Fecha 17,Nueva Chicago,false,https://es.wikipedia.org/wiki/Anexo:Torneo_Apertura_2006_(Argentina)
2006-11-25,21:10,Estudiantes (LP),Racing Club,2,0,,,Primera Division - Apertura,2006,zonas,,Fecha 17,Ciudad de La Plata,false,https://es.wikipedia.org/wiki/Anexo:Torneo_Apertura_2006_(Argentina)
2006-11-26,16:30,Banfield,Gimnasia y Esgrima (J),1,2,,,Primera Division - Apertura,2006,zonas,,Fecha 17,Florencio Sola,false,https://es.wikipedia.org/wiki/Anexo:Torneo_Apertura_2006_(Argentina)
2006-11-26,16:30,Gimnasia y Esgrima (LP),Newell's Old Boys,2,1,,,Primera Division - Apertura,2006,zonas,,Fecha 17,Juan Carmelo Zerillo,false,https://es.wikipedia.org/wiki/Anexo:Torneo_Apertura_2006_(Argentina)
2006-11-26,16:30,Independiente,Arsenal,2,1,,,Primera Division - Apertura,2006,zonas,,Fecha 17,La Doble Visera,false,https://es.wikipedia.org/wiki/Anexo:Torneo_Apertura_2006_(Argentina)
2006-11-26,17:10,Boca Juniors,Colón,4,1,,,Primera Division - Apertura,2006,zonas,,Fecha 17,La Bombonera,false,https://es.wikipedia.org/wiki/Anexo:Torneo_Apertura_2006_(Argentina)
2006-11-26,17:30,Belgrano,Lanús,1,1,,,Primera Division - Apertura,2006,zonas,,Fecha 17,Chateau Carreras,false,https://es.wikipedia.org/wiki/Anexo:Torneo_Apertura_2006_(Argentina)
2006-11-26,19:30,Godoy Cruz,River Plate,0,1,,,Primera Division - Apertura,2006,zonas,,Fecha 17,Malvinas Argentinas,false,https://es.wikipedia.org/wiki/Anexo:Torneo_Apertura_2006_(Argentina)
2006-12-01,19:00,Lanús,Vélez Sarsfield,2,0,,,Primera Division - Apertura,2006,zonas,,Fecha 18,Ciudad de Lanús,false,https://es.wikipedia.org/wiki/Anexo:Torneo_Apertura_2006_(Argentina)
2006-12-01,21:10,Quilmes,Independiente,1,3,,,Primera Division - Apertura,2006,zonas,,Fecha 18,Centenario,false,https://es.wikipedia.org/wiki/Anexo:Torneo_Apertura_2006_(Argentina)
2006-12-02,16:10,Arsenal,San Lorenzo,2,2,,,Primera Division - Apertura,2006,zonas,,Fecha 18,El Viaducto,false,https://es.wikipedia.org/wiki/Anexo:Torneo_Apertura_2006_(Argentina)
2006-12-02,20:00,Newell's Old Boys,Godoy Cruz,2,2,,,Primera Division - Apertura,2006,zonas,,Fecha 18,Coloso del Parque,false,https://es.wikipedia.org/wiki/Anexo:Torneo_Apertura_2006_(Argentina)
2006-12-02,20:30,Colón,Banfield,3,0,,,Primera Division - Apertura,2006,zonas,,Fecha 18,Brigadier Estanislao López,false,https://es.wikipedia.org/wiki/Anexo:Torneo_Apertura_2006_(Argentina)
2006-12-02,21:10,Racing Club,Gimnasia y Esgrima (LP),3,1,,,Primera Division - Apertura,2006,zonas,,Fecha 18,El Cilindro,false,https://es.wikipedia.org/wiki/Anexo:Torneo_Apertura_2006_(Argentina)
2006-12-03,16:00,River Plate,Nueva Chicago,1,2,,,Primera Division - Apertura,2006,zonas,,Fecha 18,Monumental,false,https://es.wikipedia.org/wiki/Anexo:Torneo_Apertura_2006_(Argentina)
2006-12-03,17:00,Gimnasia y Esgrima (J),Rosario Central,1,0,,,Primera Division - Apertura,2006,zonas,,Fecha 18,23 de Agosto,false,https://es.wikipedia.org/wiki/Anexo:Torneo_Apertura_2006_(Argentina)
2006-12-03,18:10,Argentinos Juniors,Estudiantes (LP),2,2,,,Primera Division - Apertura,2006,zonas,,Fecha 18,Diego Armando Maradona,false,https://es.wikipedia.org/wiki/Anexo:Torneo_Apertura_2006_(Argentina)
2006-12-03,18:10,Belgrano,Boca Juniors,1,0,,,Primera Division - Apertura,2006,zonas,,Fecha 18,Chateau Carreras,false,https://es.wikipedia.org/wiki/Anexo:Torneo_Apertura_2006_(Argentina)
2006-12-08,19:00,Independiente,Gimnasia y Esgrima (J),1,2,,,Primera Division - Apertura,2006,zonas,,Fecha 19,La Doble Visera,false,https://es.wikipedia.org/wiki/Anexo:Torneo_Apertura_2006_(Argentina)
2006-12-08,21:10,San Lorenzo,Quilmes,2,4,,,Primera Division - Apertura,2006,zonas,,Fecha 19,Nuevo Gasómetro,false,https://es.wikipedia.org/wiki/Anexo:Torneo_Apertura_2006_(Argentina)
2006-12-09,18:20,Godoy Cruz,Racing Club,0,0,,,Primera Division - Apertura,2006,zonas,,Fecha 19,Malvinas Argentinas,false,https://es.wikipedia.org/wiki/Anexo:Torneo_Apertura_2006_(Argentina)
2006-12-09,20:00,Nueva Chicago,Newell's Old Boys,2,1,,,Primera Division - Apertura,2006,zonas,,Fecha 19,Nueva Chicago,false,https://es.wikipedia.org/wiki/Anexo:Torneo_Apertura_2006_(Argentina)
2006-12-09,21:10,Gimnasia y Esgrima (LP),Argentinos Juniors,1,0,,,Primera Division - Apertura,2006,zonas,,Fecha 19,Juan Carmelo Zerillo,false,https://es.wikipedia.org/wiki/Anexo:Torneo_Apertura_2006_(Argentina)
2006-12-10,16:00,Vélez Sarsfield,River Plate,1,1,,,Primera Division - Apertura,2006,zonas,,Fecha 19,José Amalfitani,false,https://es.wikipedia.org/wiki/Anexo:Torneo_Apertura_2006_(Argentina)
2006-12-10,17:00,Banfield,Belgrano,3,1,,,Primera Division - Apertura,2006,zonas,,Fecha 19,Florencio Sola,false,https://es.wikipedia.org/wiki/Anexo:Torneo_Apertura_2006_(Argentina)
2006-12-10,17:00,Rosario Central,Colón,3,0,,,Primera Division - Apertura,2006,zonas,,Fecha 19,Gigante de Arroyito,false,https://es.wikipedia.org/wiki/Anexo:Torneo_Apertura_2006_(Argentina)
2006-12-10,18:10,Boca Juniors,Lanús,1,2,,,Primera Division - Apertura,2006,zonas,,Fecha 19,La Bombonera,false,https://es.wikipedia.org/wiki/Anexo:Torneo_Apertura_2006_(Argentina)
2006-12-10,18:10,Estudiantes (LP),Arsenal,2,0,,,Primera Division - Apertura,2006,zonas,,Fecha 19,Ciudad de La Plata,false,https://es.wikipedia.org/wiki/Anexo:Torneo_Apertura_2006_(Argentina)
2006-12-13,17:10,Boca Juniors,Estudiantes (LP),1,2,,,Primera Division - Apertura,2006,eliminacion,,Desempate,José Amalfitani,true,https://es.wikipedia.org/wiki/Anexo:Torneo_Apertura_2006_(Argentina)
2007-02-21,15:00,Racing Club,San Lorenzo,0,1,,,Primera Division - Apertura,2006,zonas,,Fecha 16,Ciudad de La Plata,false,https://es.wikipedia.org/wiki/Anexo:Torneo_Apertura_2006_(Argentina)
